Workbook
Name CLV_NWI: [1]Reference!$E$2:$E$7299
Name Counties: [1]Reference!$G$2:$G$14
Name CV_NWI: [1]Reference!$C$3:$C$963
Name Intersections: [1]Reference!$F$2:$F$6708
Name NBI_NWI: [1]Reference!$B$2:$B$1146
Name PK_NWI: [1]Reference!$A$2:$A$427

Sheet About
B2: Information About this File
C3: Version: 1.0
C4: Last Updated: 4/17/2025
B6: PURPOSE
C7: This is a report of collision records from ARIES and other collision data that have been associated through mass geoprocessing to the target pavement key (PK), bridge, large or small culvert, or intersection that is located on INDOT maintained highways. The crash history, crash patterns, and crash pattern analyses have been calculated and tabulated in accordance with Engineering Assessment Manual (EAM), Section 3-3.02(07) and Figure 3-3B for the target INDOT asset.
B11: GENERAL INSTRUCTIONS
C12: • The collision reports and information provided in this workbook are intended to be used only for the safety evaluation of INDOT highways and other assets and shall not be used for any other purpose. • This workbook contains the following information for the "Target Asset" shown on the 'Crash Analysis Report Template' worksheet: o A list of the ARIES collision records related to the target asset is located on the 'Target Collision Records' worksheet; o A list of the ARIES individual (persons involved) records related to the target asset is located on the 'Target Individual Records' worksheet; o A list of the ARIES Master Record Numbers with a summary of asset associations and crash indexing information is located on the 'Data Filtered By Asset' worksheet; and o The crash history, crash patterns, and crash pattern analyses tables for the target asset are located on the 'Crash Analysis Report Template' worksheet. • The engineer performing the crash analysis shall review the collision reports to verify whether or not each of the reports should be included in the analysis. In doing so, the following should be checked: o The engineer should check that the crash severity, manner of collision, pavement condition, lighting condition, and weather condition data entry values shown in the list of collision records and information on the 'Data Filtered By Asset' worksheet accurately reflect the original ARIES collision and individual (persons involved) reports. These values shall be limited to those shown in the EAM, Section Figure 3-3B . o The engineer should check that each of the collisions actually occurred on or near the target asset and that they and are related to the target asset . • Any collision record that the review engineer decides should not be included in the crash analysis may be removed from consideration by deleting the row(s) from the 'Data Filtered By Asset' worksheet. The crash history, crash patterns, and crash pattern analyses tables for the target asset, which are located on the 'Crash Analysis Report Template' worksheet, will recalculate based on the list of records remaining on the 'Data Filtered By Asset' worksheet in accordance with the EAM, Section 3-3.02(07) and Figure 3-3B. • Please note that URL links to the collision diagrams for each of the collision records are included in the 'Data Filtered By Asset' worksheet, which may be useful in determining the manner of collision. • Once the review engineer has verified that the list of collision records are accurate for the target asset, they will then need to perform the required RoadHAT analysis, which will include calculating the ICC and ICF values.
B37: DISCLAIMERS
C38: • The ARIES collision records that are presented in the "Target Collision Records" worksheet shall be reviewed and a RoadHAT analysis shall be prepared by an engineer to complete the required assessment of the crash data for the target INDOT Asset. The crash summary shown in the tables on the Crash Analysis Report Template' worksheet reflect the unevaluated crash reports that have only been roughly associated to the INDOT Asset that was selected for review. • The collision data that is used to calculate and tabulate the crash history, crash patterns, and crash pattern analyses for a selected asset is a result of mass geoprocessing that was performed on every ARIES collision report in 2022 through 2024 to identify and assign nearby INDOT assets that are likely associated to the respective collision report. These assets include pavement keys (PK), bridges, large and small culverts, and intersections that are located on INDOT maintained highways within the INDOT LaPorte District. • In an attempt to assign collisions that were not precisely geolocated by the reporting officer to the associated PK, other text fields on the ARIES reports were evaluated and the radius of the buffer around the INDOT highway roadbed was adjusted accordingly to reflect the strength of indication that the collision actually occurred on or near an INDOT highway. As a result, the engineer evaluating the crash data may find that some of the collision reports that were assigned to an INDOT asset via the mass geoprocessing process may not be related at all to the target INDOT Asset. The engineer that is performing the crash analysis shall screen out these reports accordingly. • Crash Severity, Manner of Collision, Pavement Condition, Lighting Condition, and Weather Condition data entry values in ARIES were changed via mass recategorization to align with the values required by the Engineering Assessment Manual, Section 3-3.02(07) and Figure 3-3B. The engineer shall review each collision record to verify accurate reporting, as the Officer's narrative or other data entry fields, in some cases, contradict one another.
B56: LEGEND
C57: User Entered Value
C58: Auto-Calculated Field
B60: SUPPORT
C61: Please direct questions or requests for assistance to:
C62: Nathan Butts NButts@indot.in.gov
C63: Paul South PSouth@indot.in.gov
B65: DEVELOPED BY
C66: Nathan Butts

Sheet Crash Analysis Report Template
A2: CRASH ANALYSIS REPORT
A4: Example:
A5: =" Crash data was reviewed as part of this assessment and a RoadHAT analysis was prepared. A total of " &F12 &" recorded crashes took place within the project limits during the three-year crash study period (" & B14 & " through " & B15 &"). The following tables summarize the number and types of crashes, as well as the RoadHAT results." -> Crash data was reviewed as part of this assessment and a RoadHAT analysis was prepared. A total of 65 recorded crashes took place within the project limits during the three-year crash study period (2022 through 2024). The following tables summarize the number and types of crashes, as well as the RoadHAT results.
A7: Target Asset:
A8: Asset Type: | B8: Pavement Key
A9: Asset ID: | B9: 40250 | D9: =B9 -> 40250
A11: Crash History:
A12: ICC* | C12: Number of Crashes | F12: =IF($B$9="",0,COUNTA('Data Filtered By Asset'!$A$2:$A$1048576)) -> 65
A13: ICF* | C13: Number of Fatal and Incapacitating Crashes | F13: =IF($B$9="",0,COUNTIF('Data Filtered By Asset'!$D:$D,"Fatal")+COUNTIF('Data Filtered By Asset'!$D:$D,"Incapacitating")) -> 4
A14: First Year of Crash Data | B14: 2022 | C14: Number of Non-Incapacitating Crashes | F14: =IF($B$9="",0,COUNTIF('Data Filtered By Asset'!$D:$D,"Non-incapacitating") + COUNTIF('Data Filtered By Asset'!$D:$D,"Possible") + COUNTIF('Data Filtered By Asset'!$D:$D,"Refused") + COUNTIF('Data Filtered By Asset'!$D:$D,"Unknown")) -> 6
A15: Last Year of Crash Data | B15: 2024 | C15: Number of Property Damage Only Crashes | F15: =IF($B$9="",0,COUNTIF('Data Filtered By Asset'!$D:$D,"No Injury") + COUNTIF('Data Filtered By Asset'!$D:$D,"Not Reported") + COUNTIF('Data Filtered By Asset'!$D:$D,"PDO")) -> 55
A16: *To be determined by the Engineer using RoadHAT.
A18: Crash Patterns: Manner of Collision
A19: Manner of Collision | C19: Number | D19: Percent
A20: Backing Crash | C20: =IF($B$9="",0,E20&" ("&F20&")") -> 5 (0) | D20: =IF(E20=0,0,E20/$E$30) -> 0.076923077 | E20: =IF($B$9="",0,COUNTIF('Data Filtered By Asset'!$L$2:$L$1048576,"Backing Crash")) -> 5 | F20: =COUNTIFS('Data Filtered By Asset'!$L$2:$L$1048576,"Backing Crash", 'Data Filtered By Asset'!$D$2:$D$1048576,"<>No Injury", 'Data Filtered By Asset'!$D$2:$D$1048576,"<>Not Reported", 'Data Filtered By Asset'!$D$2:$D$1048576,"<>PDO") -> 0
A21: Collision With Animal (Including Deer) * | C21: =IF($B$9="",0,E21&" ("&F21&")") -> 26 (1) | D21: =IF(E21=0,0,E21/$E$30) -> 0.4 | E21: =IF($B$9="",0,COUNTIF('Data Filtered By Asset'!$L$2:$L$1048576,"Collision With Animal (Including Deer)")) -> 26 | F21: =COUNTIFS('Data Filtered By Asset'!$L$2:$L$1048576,"Collision With Animal (Including Deer)", 'Data Filtered By Asset'!$D$2:$D$1048576,"<>No Injury", 'Data Filtered By Asset'!$D$2:$D$1048576,"<>Not Reported", 'Data Filtered By Asset'!$D$2:$D$1048576,"<>PDO") -> 1
A22: Collision With Object in Road | C22: =IF($B$9="",0,E22&" ("&F22&")") -> 1 (1) | D22: =IF(E22=0,0,E22/$E$30) -> 0.015384615 | E22: =IF($B$9="",0,COUNTIF('Data Filtered By Asset'!$L$2:$L$1048576,"Collision With Object in Road")) -> 1 | F22: =COUNTIFS('Data Filtered By Asset'!$L$2:$L$1048576,"Collision With Object in Road", 'Data Filtered By Asset'!$D$2:$D$1048576,"<>No Injury", 'Data Filtered By Asset'!$D$2:$D$1048576,"<>Not Reported", 'Data Filtered By Asset'!$D$2:$D$1048576,"<>PDO") -> 1
A23: Head On (Between Motor Vehicles) | C23: =IF($B$9="",0,E23&" ("&F23&")") -> 0 (0) | D23: =IF(E23=0,0,E23/$E$30) -> 0 | E23: =IF($B$9="",0,COUNTIF('Data Filtered By Asset'!$L$2:$L$1048576,"Head On (Between Motor Vehicles)")) -> 0 | F23: =COUNTIFS('Data Filtered By Asset'!$L$2:$L$1048576,"Head On (Between Motor Vehicles)", 'Data Filtered By Asset'!$D$2:$D$1048576,"<>No Injury", 'Data Filtered By Asset'!$D$2:$D$1048576,"<>Not Reported", 'Data Filtered By Asset'!$D$2:$D$1048576,"<>PDO") -> 0
A24: Left Turn, Right Turn or Angle | C24: =IF($B$9="",0,E24&" ("&F24&")") -> 5 (0) | D24: =IF(E24=0,0,E24/$E$30) -> 0.076923077 | E24: =IF($B$9="",0,COUNTIF('Data Filtered By Asset'!$L$2:$L$1048576,"Left Turn, Right Turn or Angle")) -> 5 | F24: =COUNTIFS('Data Filtered By Asset'!$L$2:$L$1048576,"Left Turn, Right Turn or Angle", 'Data Filtered By Asset'!$D$2:$D$1048576,"<>No Injury", 'Data Filtered By Asset'!$D$2:$D$1048576,"<>Not Reported", 'Data Filtered By Asset'!$D$2:$D$1048576,"<>PDO") -> 0
A25: Opposite Direction Sideswipe | C25: =IF($B$9="",0,E25&" ("&F25&")") -> 3 (1) | D25: =IF(E25=0,0,E25/$E$30) -> 0.046153846 | E25: =IF($B$9="",0,COUNTIF('Data Filtered By Asset'!$L$2:$L$1048576,"Opposite Direction Sideswipe")) -> 3 | F25: =COUNTIFS('Data Filtered By Asset'!$L$2:$L$1048576,"Opposite Direction Sideswipe", 'Data Filtered By Asset'!$D$2:$D$1048576,"<>No Injury", 'Data Filtered By Asset'!$D$2:$D$1048576,"<>Not Reported", 'Data Filtered By Asset'!$D$2:$D$1048576,"<>PDO") -> 1
A26: Ran Off Road | C26: =IF($B$9="",0,E26&" ("&F26&")") -> 14 (4) | D26: =IF(E26=0,0,E26/$E$30) -> 0.21538462 | E26: =IF($B$9="",0,COUNTIF('Data Filtered By Asset'!$L$2:$L$1048576,"Ran Off Road")) -> 14 | F26: =COUNTIFS('Data Filtered By Asset'!$L$2:$L$1048576,"Ran Off Road", 'Data Filtered By Asset'!$D$2:$D$1048576,"<>No Injury", 'Data Filtered By Asset'!$D$2:$D$1048576,"<>Not Reported", 'Data Filtered By Asset'!$D$2:$D$1048576,"<>PDO") -> 4
A27: Rear End | C27: =IF($B$9="",0,E27&" ("&F27&")") -> 5 (1) | D27: =IF(E27=0,0,E27/$E$30) -> 0.076923077 | E27: =IF($B$9="",0,COUNTIF('Data Filtered By Asset'!$L$2:$L$1048576,"Rear End")) -> 5 | F27: =COUNTIFS('Data Filtered By Asset'!$L$2:$L$1048576,"Rear End", 'Data Filtered By Asset'!$D$2:$D$1048576,"<>No Injury", 'Data Filtered By Asset'!$D$2:$D$1048576,"<>Not Reported", 'Data Filtered By Asset'!$D$2:$D$1048576,"<>PDO") -> 1
A28: Same Direction Sideswipe | C28: =IF($B$9="",0,E28&" ("&F28&")") -> 4 (1) | D28: =IF(E28=0,0,E28/$E$30) -> 0.061538462 | E28: =IF($B$9="",0,COUNTIF('Data Filtered By Asset'!$L$2:$L$1048576,"Same Direction Sideswipe")) -> 4 | F28: =COUNTIFS('Data Filtered By Asset'!$L$2:$L$1048576,"Same Direction Sideswipe", 'Data Filtered By Asset'!$D$2:$D$1048576,"<>No Injury", 'Data Filtered By Asset'!$D$2:$D$1048576,"<>Not Reported", 'Data Filtered By Asset'!$D$2:$D$1048576,"<>PDO") -> 1
A29: Other | C29: =IF($B$9="",0,E29&" ("&F29&")") -> 2 (1) | D29: =IF(E29=0,0,E29/$E$30) -> 0.030769231 | E29: =IF($B$9="",0,COUNTIF('Data Filtered By Asset'!$L$2:$L$1048576,"Other")) -> 2 | F29: =COUNTIFS('Data Filtered By Asset'!$L$2:$L$1048576,"Other", 'Data Filtered By Asset'!$D$2:$D$1048576,"<>No Injury", 'Data Filtered By Asset'!$D$2:$D$1048576,"<>Not Reported", 'Data Filtered By Asset'!$D$2:$D$1048576,"<>PDO") -> 1
A30: Total | C30: =SUM(E20:E29)&" ("&SUM(F20:F29)&")" -> 65 (10) | D30: =SUM(D20:D29) -> 1 | E30: =IF($B$9="",0,COUNTA('Data Filtered By Asset'!$A$2:$A$1048576)) -> 65
A31: X (Y): X indicates the number of crash type Y indicates those resulting in injury
A32: *In almost all cases, deer crashes and other animal crashes should be removed from the analysis completely prior to completing the RoadHAT report.
A34: The top two tables shall be included in the Crash Analysis section of the scope document (AbbEngRpt or EngRpt). Include a summary analysis of the analysis as well as recommendations based on the analysis’ findings.
A36: Example:
A37: The RoadHAT analysis resulted in an Index of Crash Frequency (ICF) of 1.26 and an Index of Crash Cost (ICC) of 3.13. This analysis indicates that this road section is not performing as expected and that the number of crashes significantly exceeds the expected number of crashes for this type of roadway. The high value of the ICC indicates that the crash severity is higher than should be expected for this type of roadway. Based on the existing crash patterns, this report will focus alternative development to integrate crash mitigation treatments that will facilitate reduction of the rear end, right angle, and sideswipe crash types. The following crash mitigation treatments were reviewed to improve the overall safety of the corridor: • Install a Two‐way Left Turn Lane (TWLTL) • Pave deteriorated shoulder (8ft) • Install centerline rumble strips • Install edge line rumble strips
A40: Crash Pattern Analysis:
A42: Pavement Condition Percentages
A43: Type | B43: Number | C43: Percent** | D43: Standard Value* Comparison:
A44: On Snowy or Icy Pavement | B44: =IF($B$9="",0,COUNTIFS('Data Filtered By Asset'!$R$2:$R$1048576,"On Snowy or Icy Pavement",'Data Filtered By Asset'!$L$2:$L$1048576,"<>Collision With Animal (Including Deer)")) -> 5 | C44: =IF(B44=0,0,B44/$B$48) -> 0.12820513 | D44: 0.1118
A45: On Wet Pavement | B45: =IF($B$9="",0,COUNTIFS('Data Filtered By Asset'!$R$2:$R$1048576,"On Wet Pavement",'Data Filtered By Asset'!$L$2:$L$1048576,"<>Collision With Animal (Including Deer)")) -> 2 | C45: =IF(B45=0,0,B45/$B$48) -> 0.051282051 | D45: 0.1549
A46: On Dry Pavement | B46: =IF($B$9="",0,COUNTIFS('Data Filtered By Asset'!$R$2:$R$1048576,"On Dry Pavement",'Data Filtered By Asset'!$L$2:$L$1048576,"<>Collision With Animal (Including Deer)")) -> 32 | C46: =IF(B46=0,0,B46/$B$48) -> 0.82051282 | D46: 0.7317
A47: On Other Condition Pavement | B47: =IF($B$9="",0,COUNTIFS('Data Filtered By Asset'!$R$2:$R$1048576,"On Other Condition Pavement",'Data Filtered By Asset'!$L$2:$L$1048576,"<>Collision With Animal (Including Deer)")) -> 0 | C47: =IF(B47=0,0,B47/$B$48) -> 0 | D47: 0.00163
A48: Total | B48: =IF($B$9="",0,COUNTIFS('Data Filtered By Asset'!$A$2:$A$1048576,">0",'Data Filtered By Asset'!$L$2:$L$1048576,"<>Collision With Animal (Including Deer)")) -> 39 | C48: =SUM(C44:C47) -> 1
A49: *Standard values are based on 2014-2018 data for all state-owned facilities. Standard values are included for comparison purposes only.
A50: **Calculated percentages exclude all collisions with animals.
A52: Lighting Condition Percentages
A53: Type | B53: Number | C53: Percent** | D53: Standard Value* Comparison:
A54: Dark (Lighted or Unlighted) | B54: =IF($B$9="",0,COUNTIFS('Data Filtered By Asset'!$I$2:$I$1048576,"Dark (Lighted or Unlighted)",'Data Filtered By Asset'!$L$2:$L$1048576,"<>Collision With Animal (Including Deer)")) -> 11 | C54: =IF(B54=0,0,B54/$B$58) -> 0.28205128 | D54: 0.3276
A55: Dawn/Dusk | B55: =IF($B$9="",0,COUNTIFS('Data Filtered By Asset'!$I$2:$I$1048576,"Dawn/Dusk",'Data Filtered By Asset'!$L$2:$L$1048576,"<>Collision With Animal (Including Deer)")) -> 4 | C55: =IF(B55=0,0,B55/$B$58) -> 0.1025641 | D55: 0.0549
A56: Daylight | B56: =IF($B$9="",0,COUNTIFS('Data Filtered By Asset'!$I$2:$I$1048576,"Daylight",'Data Filtered By Asset'!$L$2:$L$1048576,"<>Collision With Animal (Including Deer)")) -> 24 | C56: =IF(B56=0,0,B56/$B$58) -> 0.61538462 | D56: 0.6166
A57: Other | B57: =IF($B$9="",0,COUNTIFS('Data Filtered By Asset'!$I$2:$I$1048576,"Other",'Data Filtered By Asset'!$L$2:$L$1048576,"<>Collision With Animal (Including Deer)")) -> 0 | C57: =IF(B57=0,0,B57/$B$58) -> 0 | D57: 0.001
A58: Total | B58: =IF($B$9="",0,COUNTIFS('Data Filtered By Asset'!$A$2:$A$1048576,">0",'Data Filtered By Asset'!$L$2:$L$1048576,"<>Collision With Animal (Including Deer)")) -> 39 | C58: =SUM(C54:C57) -> 1
A59: *Standard values are based on 2014-2018 data for all state-owned facilities. Standard values are included for comparison purposes only.
A60: **Calculated percentages exclude all collisions with animals.
A63: Weather Condition Percentages
A64: Type | B64: Number | C64: Percent** | D64: Standard Value* Comparison:
A65: Clear | B65: =IF($B$9="",0,COUNTIFS('Data Filtered By Asset'!$S$2:$S$1048576,"Clear",'Data Filtered By Asset'!$L$2:$L$1048576,"<>Collision With Animal (Including Deer)")) -> 27 | C65: =IF(B65=0,0,B65/$B$72) -> 0.69230769 | D65: 0.6239
A66: Cloudy | B66: =IF($B$9="",0,COUNTIFS('Data Filtered By Asset'!$S$2:$S$1048576,"Cloudy",'Data Filtered By Asset'!$L$2:$L$1048576,"<>Collision With Animal (Including Deer)")) -> 6 | C66: =IF(B66=0,0,B66/$B$72) -> 0.15384615 | D66: 0.1833
A67: Fog (Or Smoke or Smog) | B67: =IF($B$9="",0,COUNTIFS('Data Filtered By Asset'!$S$2:$S$1048576,"Fog (Or Smoke or Smog)",'Data Filtered By Asset'!$L$2:$L$1048576,"<>Collision With Animal (Including Deer)")) -> 0 | C67: =IF(B67=0,0,B67/$B$72) -> 0 | D67: 0.0068
A68: Rain | B68: =IF($B$9="",0,COUNTIFS('Data Filtered By Asset'!$S$2:$S$1048576,"Rain",'Data Filtered By Asset'!$L$2:$L$1048576,"<>Collision With Animal (Including Deer)")) -> 1 | C68: =IF(B68=0,0,B68/$B$72) -> 0.025641026 | D68: 0.0979
A69: Snow or Sleet | B69: =IF($B$9="",0,COUNTIFS('Data Filtered By Asset'!$S$2:$S$1048576,"Snow or Sleet",'Data Filtered By Asset'!$L$2:$L$1048576,"<>Collision With Animal (Including Deer)")) -> 5 | C69: =IF(B69=0,0,B69/$B$72) -> 0.12820513 | D69: 0.0641
A70: Blowing Material | B70: =IF($B$9="",0,COUNTIFS('Data Filtered By Asset'!$S$2:$S$1048576,"Blowing Material",'Data Filtered By Asset'!$L$2:$L$1048576,"<>Collision With Animal (Including Deer)")) -> 0 | C70: =IF(B70=0,0,B70/$B$72) -> 0 | D70: 0.0213
A71: Severe Cross Winds | B71: =IF($B$9="",0,COUNTIFS('Data Filtered By Asset'!$S$2:$S$1048576,"Severe Cross Wind",'Data Filtered By Asset'!$L$2:$L$1048576,"<>Collision With Animal (Including Deer)")) -> 0 | C71: =IF(B71=0,0,B71/$B$72) -> 0 | D71: 0.0026
A72: Total | B72: =IF($B$9="",0,COUNTIFS('Data Filtered By Asset'!$A$2:$A$1048576,">0",'Data Filtered By Asset'!$L$2:$L$1048576,"<>Collision With Animal (Including Deer)")) -> 39 | C72: =SUM(C65:C71) -> 1
A73: *Standard values are based on 2014-2018 data for all state-owned facilities. Standard values are included for comparison purposes only.
A74: **Calculated percentages exclude all collisions with animals.
A76: The RoadHAT output, crash statistics summary and crash diagrams shall be included as attachments to this report appendix.

Sheet Target Collision Records
A1: Master_Record_Number | B1: County | C1: Township | D1: City | E1: Collision Date | F1: Collision Time | G1: Vehicles Involved | H1: Trailers Involved | I1: Number Injured | J1: Number Dead | K1: Number Deer | L1: House Number | M1: Roadway Name | N1: Roadway Suffix | O1: Roadway Number | P1: Roadway Interchange | Q1: Roadway Ramp | R1: Roadway Id | S1: Intersecting Road | T1: Intersecting Road Number | U1: Mile Marker | V1: Interchange | W1: Corporate Limits? | X1: Property Type | Y1: Feet From | Z1: Direction | AA1: Latitude | AB1: Longitude | AC1: Roadway Class | AD1: Traffic Control Devices? | AE1: Locality | AF1: School Zone? | AG1: Rumble Strips? | AH1: Construction? | AI1: Construction Type | AJ1: Light Condition | AK1: Weather Conditions | AL1: Surface Condition | AM1: Type of Median | AN1: Roadway Junction Type | AO1: Road Character | AP1: Roadway Surface | AQ1: Primary Factor | AR1: Damage Estimate | AS1: Manner of Collision | AT1: Investigation Complete? | AU1: Photos Taken? | AV1: Unique Location Id | AW1: State Property Damage? | AX1: Traffic Control | AY1: NARRATIVE
A2: 903960115 | B2: FULTON | C2: ROCHESTER | D2: ROCHESTER | E2: 44575 | F2: 0.30555556 | G2: 1 | I2: 0 | J2: 0 | K2: 1 | M2: E STATE RD 14 | R2: E STATE RD 14 | W2: N | Y2: 0 | AA2: 41.054296 | AB2: -86.131993 | AE2: RURAL | AF2: N | AG2: N | AH2: N | AJ2: DARK (NOT LIGHTED) | AK2: CLOUDY | AL2: DRY | AN2: NO JUNCTION INVOLVED | AP2: ASPHALT | AQ2: ANIMAL/OBJECT IN ROADWAY | AR2: $5001 TO $10000 | AS2: RIGHT ANGLE | AT2: Y | AU2: N | AV2: ESTATERD14 | AW2: 0 | AY2: On Friday, January 14, 2022 at 07:20, shriver, don responded to a crash on E State Rd 14. At the time of the crash, the weather was Cloudy and the road surface was Dry.Vehicle 1, Tan Jeep Grand, Going straight. {Driver Statements} {Witness Statements} {Conclusion} Vehicle one was traveling West on SR 14 near CR 575 E when a deer entered the roadway and was struck.
A3: 903960099 | B3: FULTON | C3: HENRY | D3: AKRON | E3: 44578 | F3: 0.24166667 | G3: 1 | I3: 0 | J3: 0 | K3: 1 | M3: STATE RD 14 | R3: STATE RD 14 | S3: S 900 E | W3: N | Y3: 574 | AA3: 41.039318 | AB3: -86.078613 | AC3: STATE ROAD | AE3: RURAL | AF3: N | AG3: N | AH3: N | AJ3: DARK (NOT LIGHTED) | AK3: CLOUDY | AL3: DRY | AN3: NO JUNCTION INVOLVED | AP3: ASPHALT | AQ3: ANIMAL/OBJECT IN ROADWAY | AR3: $5001 TO $10000 | AS3: COLLISION WITH DEER | AT3: N | AU3: N | AV3: STATERD14S900E | AW3: 0 | AY3: D1 was eastbound on state road 14 near county road 900 E when a deer entered the roadway. D1 was unable to avoid striking the deer.
A4: 903980173 | B4: FULTON | C4: ROCHESTER | D4: ROCHESTER | E4: 44594 | F4: 0.43055556 | G4: 1 | I4: 0 | J4: 0 | K4: 0 | M4: E STATE RD 14 | R4: E STATE RD 14 | W4: N | Y4: 0 | AA4: 41.054375 | AB4: -86.144637 | AC4: STATE ROAD | AE4: RURAL | AF4: N | AG4: N | AH4: N | AJ4: DAYLIGHT | AK4: SNOW | AL4: SNOW/SLUSH | AN4: NO JUNCTION INVOLVED | AP4: ASPHALT | AQ4: SPEED TOO FAST FOR WEATHER CONDITIONS | AR4: $5001 TO $10000 | AS4: RAN OFF ROAD | AT4: Y | AU4: Y | AV4: ESTATERD14 | AW4: 0 | AY4: On Wednesday, February 2, 2022 at 10:20, Wilburn, Scott responded to a crash on E State Rd 14. At the time of the crash, the weather was Snow and the road surface was Snow/Slush.Vehicle 1, Red Chevrolet Malibu, Going straight. DRIVER ADVISED SHE SLID ON THE ROADWAY AND WENT OFF THE ROAD STRIKING THE UTILITY POLE.STRIKING THE POLE CAUSED EXTENSIVE DAMAGE TO THE PASSENGER SIDE OF THE VEHICLE. DRIVER AND FATHER WHO ARRIVED CONTACTED ROADSIDE ASSISTANCE TO COME AND TOW THE VEHICLE.
A5: 904016240 | B5: FULTON | C5: HENRY | D5: AKRON | E5: 44653 | F5: 0.52986111 | G5: 1 | I5: 0 | J5: 0 | K5: 1 | M5: STATE RD 14 & 700 E | R5: STATE RD 14 & 700 E | W5: N | Y5: 0 | AA5: 41.050372 | AB5: -86.112287 | AE5: RURAL | AF5: N | AG5: N | AH5: N | AJ5: DARK (LIGHTED) | AK5: CLEAR | AL5: DRY | AN5: NO JUNCTION INVOLVED | AP5: ASPHALT | AQ5: ANIMAL/OBJECT IN ROADWAY | AR5: $5001 TO $10000 | AS5: COLLISION WITH DEER | AT5: Y | AU5: N | AV5: STATERD14&700E | AW5: 0 | AY5: On Saturday, April 2, 2022 at 12:43, Salientes, Jeryl responded to a crash on State Rd 14 & 700 E. At the time of the crash, the weather was Clear and the road surface was Dry.Vehicle 1, Gray Nissan Altima, Going straight, westbound on SR 14. Deer was in roadway and vehicle 1 hit deer with the front side of the vehicle.
A6: 904030727 | B6: FULTON | C6: HENRY | D6: ATHENS | E6: 44674 | F6: 0.85416667 | G6: 2 | I6: 0 | J6: 0 | K6: 0 | M6: E STATE RD 14 | R6: E STATE RD 14 | S6: S 650 E | W6: N | Y6: 581 | AA6: 41.054264 | AB6: -86.123984 | AC6: PRIVATE DRIVE | AE6: RURAL | AF6: N | AG6: N | AH6: N | AJ6: DARK (LIGHTED) | AK6: CLEAR | AL6: DRY | AN6: NO JUNCTION INVOLVED | AP6: GRAVEL | AQ6: UNSAFE BACKING | AR6: $5001 TO $10000 | AS6: BACKING CRASH | AT6: Y | AU6: N | AV6: S650EESTATERD14 | AW6: 0 | AY6: On Saturday, April 23, 2022 at 20:30, KROFT, CLARK responded to a crash on E State Rd 14 581 ft at intersection of S 650 E. At the time of the crash, the weather was Clear and the road surface was Dry.Vehicle 1, Black Chevrolet Equinox, Backing. Vehicle 2, Black Chevrolet Camaro, Parked (unattended). {Driver Statements} DRIVER 1 STATED SHE WAS BACKING VEHICLE 1 IN THE DRIVEWAY AND DIDNT SEE VEHICLE 2. RIGHT REAR OF VEHICLE 1 STRUCK DRIVERS SIDE OF VEHICLE 2. VEHICLE 2 WAS UNATTENDED. {Witness Statements} {Conclusion}
A7: 904024718 | B7: FULTON | C7: HENRY | D7: ROCHESTER | E7: 44675 | F7: 0.50694444 | G7: 2 | I7: 0 | J7: 0 | K7: 0 | M7: STATE RD 14 | R7: STATE RD 14 | W7: N | Y7: 0 | AA7: 41.039082 | AB7: -86.035796 | AC7: STATE ROAD | AE7: URBAN | AF7: N | AG7: N | AH7: N | AJ7: DAYLIGHT | AK7: CLEAR | AL7: DRY | AN7: NO JUNCTION INVOLVED | AP7: ASPHALT | AQ7: FAILURE TO YIELD RIGHT OF WAY | AR7: $5001 TO $10000 | AS7: REAR END | AT7: Y | AU7: Y | AV7: STATERD14 | AW7: 0 | AY7: On Sunday, April 24, 2022 at 12:10, shriver, don responded to a crash on State Rd 14. At the time of the crash, the weather was Clear and the road surface was Dry.Vehicle 1, Silver\Aluminum Bmw X5, Overtaking/Passing. Vehicle 2, Gray Chevrolet Equinox, Turning left. {Driver Statements} D-2 advised he was turning left into the driveway at 11088 E SR 14 and was struck by V-1 which was trying to pass V-2.D-1 advised he did not see the turn signal if it was on and attempted to pass not realizing that V-2 was beginning to turn left.{Witness Statements} {Conclusion} V-2 was turning left and D-1 did not realize it. D-1 began to pass V-2 and struck V-2.
A8: 904051798 | B8: FULTON | C8: HENRY | D8: ATHENS | E8: 44721 | F8: 0.97222222 | G8: 1 | I8: 1 | J8: 0 | K8: 0 | M8: STATE RD 14 | R8: STATE RD 14 | W8: N | Y8: 0 | AA8: 41.049178 | AB8: -86.110438 | AC8: STATE ROAD | AE8: RURAL | AF8: N | AG8: N | AH8: N | AJ8: DARK (NOT LIGHTED) | AK8: CLEAR | AL8: DRY | AN8: NO JUNCTION INVOLVED | AP8: ASPHALT | AQ8: ANIMAL/OBJECT IN ROADWAY | AR8: $5001 TO $10000 | AS8: COLLISION WITH DEER | AT8: Y | AU8: Y | AV8: STATERD14 | AW8: 0 | AY8: V1 was traveling East bound on St Rd. 14 just past Cr 700 E. enroute to a medical emergency. D1 stated shortly after passing 700 E. a deer entered the roadway and he was unable to keep from striking the deer. V1 sustained damage to the front of the vehicle. D1 was transported to woodlawn hospital by Deputy Miller for complaint of head pain.
A9: 904090957 | B9: FULTON | C9: HENRY | D9: AKRON | E9: 44781 | F9: 0.83333333 | G9: 1 | I9: 0 | J9: 0 | K9: 0 | M9: STATE RD 14 | R9: STATE RD 14 | S9: S 975 E | W9: N | Y9: 0 | AA9: 41.038709 | AB9: -86.059707 | AC9: STATE ROAD | AE9: RURAL | AF9: N | AG9: N | AH9: N | AJ9: DAYLIGHT | AK9: RAIN | AL9: WET | AN9: NO JUNCTION INVOLVED | AP9: ASPHALT | AQ9: OVERCORRECTING/OVERSTEERING | AR9: $5001 TO $10000 | AS9: RAN OFF ROAD | AT9: Y | AU9: N | AV9: STATERD14S975E | AW9: 0 | AY9: V1 WAS TRAVELING WEST ON SR 14. THE DRIVER STATED SHE BEGAN TO HYDROPLAIN DUE TO RAIN WATER ON THE ROADWAY. SHE STATED THAT THE VEHICLE SPUN AROUND AND SHE RAN OFF THE ROADWAY. V1 WENT DOWN AN EMBANKMENT AND THEN THROUGH A FENCE. V1 WAS MOVED PRIOR TO MY ARRIVAL BUT I WAS TOLD THAT IT CAME TO REST ON THE SOUTH SIDE OF THE FENCE. IT WAS DRIVEN TO THE TOP OF A HILL BEFORE THEY CALLED FOR A POLICE REPORT.
A10: 904098101 | B10: FULTON | C10: HENRY | D10: ATHENS | E10: 44783 | F10: 0.62083333 | G10: 2 | I10: 0 | J10: 0 | K10: 0 | M10: E STATE RD 14 | R10: E STATE RD 14 | S10: S 650 E | W10: N | Y10: 0 | AA10: 41.054298 | AB10: -86.124417 | AC10: STATE ROAD | AE10: RURAL | AF10: N | AG10: N | AH10: N | AJ10: DAYLIGHT | AK10: CLEAR | AL10: DRY | AN10: NO JUNCTION INVOLVED | AP10: ASPHALT | AQ10: FAILURE TO YIELD RIGHT OF WAY | AR10: $5001 TO $10000 | AS10: LEFT TURN | AT10: Y | AU10: Y | AV10: S650EESTATERD14 | AW10: 0 | AY10: On Wednesday, August 10, 2022 at 14:54, Miller, Abbi responded to a crash on E State Rd 14 at intersection of S 650 E. At the time of the crash, the weather was Clear and the road surface was Dry.Vehicle 1, Black Chevrolet Silverado, Maintaining path of travel. Vehicle 2, Black Chevrolet Traverse, Maintaining path of travel. V1 was traveling west on SR 14 and V2 was traveling east on SR 14. D1 was turning north into the parking lot of a business when he did not see V2 and hit the front end of V2.
A11: 904118112 | B11: FULTON | C11: ROCHESTER | D11: ROCHESTER | E11: 44826 | F11: 0.44791667 | G11: 1 | I11: 1 | J11: 0 | K11: 0 | M11: E STATE RD 14 | R11: E STATE RD 14 | S11: OAKHILL LANE | W11: N | Y11: 0 | AA11: 41.054816 | AB11: -86.156326 | AC11: STATE ROAD | AE11: RURAL | AF11: N | AG11: N | AH11: N | AJ11: DAYLIGHT | AK11: CLOUDY | AL11: DRY | AN11: NO JUNCTION INVOLVED | AP11: ASPHALT | AQ11: FAILURE TO MAINTAIN LANE | AR11: $10001 TO $25000 | AS11: RAN OFF ROAD | AT11: Y | AU11: Y | AV11: OAKHILLLANEESTATERD14 | AW11: 0 | AY11: V1 was westbound on state road 14 near Oakhill LN when V1 crossed the center line and went off the roadway on the south side of the road. V1 struck a horse trailer that was parked on the property. V1 ended up on it's roof after striking the horse trailer. Witness 1 stated that he looked in his rearview mirror and saw V1 swerving in the westbound lane before the vehicle crossed the center line and went off the roadway. W2 was eastbound when V1 crossed the center line just in front of W2. W2 stated that V1 was swerving in the westbound lane before crossing in front of him and the V1 struck the parked horse trailer. There was damage to the passenger side rear of the horse trailer where V1 struck it.
A12: 904135408 | B12: FULTON | C12: HENRY | D12: AKRON | E12: 44847 | F12: 0.62222222 | G12: 2 | I12: 0 | J12: 0 | K12: 0 | M12: W ROCHESTER ST | R12: W ROCHESTER ST | S12: W ROCHESTER ST | W12: Y | Y12: 0 | AA12: 41.038827 | AB12: -86.028343 | AC12: LOCAL/CITY ROAD | AE12: URBAN | AF12: N | AG12: N | AH12: N | AJ12: DAYLIGHT | AK12: CLOUDY | AL12: DRY | AN12: FOUR-WAY INTERSECTION | AP12: ASPHALT | AQ12: OTHER (VEHICLE) - EXPLAIN IN NARRATIVE | AR12: $2501 TO $5000 | AS12: REAR END | AT12: N | AU12: N | AV12: WROCHESTERSTWROCHESTERST | AW12: 0 | AY12: V1 WAS TRAVELING EAST ON ROCHESTER ST. V1 CAME TO A STOP AT THE INTERSECTION OF ROCHESTER ST AND MISHAWAKA ST. V1 WAS THEN REAR ENDED BY V2. V1 THEN TURNED SOUTH ONTO MISHAWAKA ST AND CAME TO A STOP IN A PARKING SPOT TO GET OUT OF TRAFFIC FOR SAFETY.V2 WAS TRAVELING EAST ON ROCHESTER ST. AS V1 STOPPED AT THE INTERSECTION, V2 REAR ENDED V1. V2 THEN TURNED NORTH ONTO MISHAWAKA ST AND CONTINUED NORTH LEAVING THE SCENE OF THE ACCIDENT. I WAS UNABLE TO LOCATE V2.
A13: 904137984 | B13: FULTON | C13: HENRY | D13: ATHENS | E13: 44854 | F13: 0.37013889 | G13: 2 | I13: 0 | J13: 0 | K13: 0 | M13: STATE RD 14 | R13: STATE RD 14 | S13: 650 E | W13: Y | Y13: 300 | AA13: 41.054313 | AB13: -86.125155 | AC13: STATE ROAD | AE13: URBAN | AF13: N | AG13: N | AH13: N | AJ13: DAYLIGHT | AK13: CLEAR | AL13: DRY | AN13: NO JUNCTION INVOLVED | AP13: ASPHALT | AQ13: IMPROPER PASSING | AR13: $5001 TO $10000 | AS13: RIGHT ANGLE | AT13: Y | AU13: Y | AV13: STATERD14650E | AW13: 0 | AY13: V1 was traveling west on SR 14 approaching Athens, IN. V-1 began to pass V2 in a No Passing Zone. As V1 entered back into the west bound lane, V1's rear bumber collided with the front bumper of V2. V1 left the roadway and collided with a trash container owned by Republic Services.D2 advised, D1 passed him in a No Passing Zone and cut in front of him.W1 who was east bound stated V1 was passing in the No Passing Zone.October 27th, 2022 I was advised by Matt Clevenger, Clevenger Engineering, when V1 collided with the trash container, the trash container was shoved into the air conditioner casusing substantial damage.REPUBLIC SERVICES 15469S SR17 CULVER,IN 46511CLEVENGER ENGINEERING 6310E SR14 ROCHESTER,IN 46975
A14: 904143902 | B14: FULTON | C14: HENRY | D14: AKRON | E14: 44860 | F14: 0.56805556 | G14: 1 | I14: 0 | J14: 0 | K14: 1 | M14: STATE RD 14 | R14: STATE RD 14 | S14: S 975 E | W14: N | Y14: 422 | AA14: 41.038587 | AB14: -86.060811 | AC14: STATE ROAD | AE14: RURAL | AF14: N | AG14: N | AH14: N | AJ14: DARK (NOT LIGHTED) | AK14: CLEAR | AL14: DRY | AN14: NO JUNCTION INVOLVED | AP14: ASPHALT | AQ14: ANIMAL/OBJECT IN ROADWAY | AR14: $2501 TO $5000 | AS14: COLLISION WITH DEER | AT14: Y | AU14: Y | AV14: STATERD14S975E | AW14: 0 | AY14: On Wednesday, October 26, 2022 at 13:38, Haney, Ryan responded to a crash on State Rd 14 422 ft at intersection of S 975 E. At the time of the crash, the weather was Clear and the road surface was Dry.V1 was traveling west on SR 14 approaching 975 E when a deer entered the roadway. V1 was unable to avoid striking the deer. V1 sustained damage to the entire front end and surrounding panels.
A15: 904150285 | B15: FULTON | C15: HENRY | D15: AKRON | E15: 44868 | F15: 0.7125 | G15: 1 | I15: 1 | J15: 0 | K15: 0 | O15: 14 | R15: 14 | U15: 925 | W15: N | Y15: 0 | AA15: 41.038355 | AB15: -86.071482 | AC15: STATE ROAD | AE15: RURAL | AF15: N | AG15: N | AH15: N | AJ15: DAYLIGHT | AK15: CLEAR | AL15: DRY | AN15: NO JUNCTION INVOLVED | AP15: ASPHALT | AQ15: FAILURE TO MAINTAIN LANE | AR15: $10001 TO $25000 | AS15: RAN OFF ROAD | AT15: Y | AU15: Y | AV15: 14 | AW15: 0 | AY15: On November 3, 2022, I resopnded to a single vehicle crash at the intersection of State Road 14 and County Road 925 East. When I arrived on scene, I observed Driver 1 outside of the vehicle with injuries to his face (mainly nose). Driver 1 refused an ambulance multiple times and stated he would go to the hospital on his own. Driver 1 stated he was driving West on State Road 14 when a eastbound red in color Ford Ranger was attempting to pass another eastbound vehicle. Driver 1 stated he went slightly off of the northside of the roadway to avoid striking the Ford Ranger head on. Driver 1 stated as he was going off of the roadway, he was unable to reenter the roadway as the hill/ditch "sucked him in". Driver 1 stated he has insurance however does not have it with him. Driver 1 left with a friend who transported him to Woodlawn Hospital in Rochester. I was later put in contact with the vehicle owner who advised Driver 1 did not have permission to drive the vehicle as it does not have any active insurance on it. The owner of the vehicle did not want to pursue any criminal charges at this time. After checking with dispatch, it was discovered that Driver 1 has had previous conviction(s) for insurance violations. I went to Woodlawn hospital and issued Driver 1 an Information and Summons for operating without financial responsibility with prior conviction. Vehicle 1 was originally to be towed by a local company per the owner's reqeust, however the tow company stated they would be unable to retreive the vehicle. Dispatch contacted the next available tow service which ended up being Hammel's Wrecker Service out of Rochester. Deputy Ryan UtterFulton County Sheriff's Office
A16: 904157284 | B16: FULTON | C16: ROCHESTER | D16: ATHENS | E16: 44872 | F16: 0.65694444 | G16: 1 | I16: 0 | J16: 0 | K16: 0 | M16: 6379 E STATE RD 14 | R16: 6379 E STATE RD 14 | U16: 650 | W16: N | Y16: 0 | AA16: 41.054217 | AB16: -86.123301 | AC16: STATE ROAD | AE16: RURAL | AF16: N | AG16: N | AH16: N | AJ16: DAYLIGHT | AK16: CLEAR | AL16: DRY | AN16: NO JUNCTION INVOLVED | AP16: ASPHALT | AQ16: OVERSIZE/OVERWEIGHT LOAD | AR16: $1001 TO $2500 | AS16: OTHER - EXPLAIN IN NARRATIVE | AT16: Y | AU16: Y | AV16: 6379ESTATERD14 | AW16: 0 | AY16: On November 7, 2022, Deputy Matthew Craig and myself responded to a report of lines down across State Road 14 near the address of 6379 East State Road 14. As I was blocking the roadway at State Road 14 and County Road 700 East, a witness approched me and stated he observed a semi (Vehicle 1) hauling a combine on a flat bed come in contact with the utility line across the roadway. The witness was driving Eastbound and Vehicle 1 was driving Westbound. The witness stated Vehicle 1 did not stop. While I was enroute to this location I passed a New Holland semi hauling farm equipment. I had my dispatch contact New Holland of Rochester who was able to put me in contact with Driver 1. Driver 1 stated he did not know that he had struck anything. Driver 1 stated the height of the combine on the trailer was exactly 14 foot. Driver 1 believes if there was a line struck that the line was possibly not hung at the required height. Driver 1 also stated he does not believe there to be damage to Vehicle 1, the trailer, or the combine he was hauling. Driver 1 provided me with the required information for this report via pictures sent to my department cell phone. I am not taking any law enforcment action for this crash other than this crash report. Photographs of the scene taken by Deputy Craig, and the photos I received from Driver 1 will be stored on the Fulton County Sheriff's Office evidence managment sytem WolfCom. I would also like to note that the utility line belongs to the Frontier Company. Frontier was contact at 16:45 and stated someone would be on scene within the hour. At 18:25 I had dispatch call back to Frontier who stated they are unable to advise when someone would be responding. I then had dispatch contact Duke Energy to respond. Duke was able to hang the line back up. The Duke lineman advised me he is not sure how far off the roadway the line was previously, however he measured and it is over 15 foot off roadway when he hung it back up. Deputy Ryan UtterFulton County Sheriff's Office
A17: 904167434 | B17: FULTON | C17: ROCHESTER | D17: ROCHESTER | E17: 44881 | F17: 0.97638889 | G17: 2 | I17: 0 | J17: 0 | K17: 0 | M17: E STATE RD 14 | R17: E STATE RD 14 | S17: OAKHILL DR | W17: N | Y17: 0 | AA17: 41.055532 | AB17: -86.158286 | AC17: STATE ROAD | AE17: RURAL | AF17: N | AG17: N | AH17: N | AJ17: DARK (NOT LIGHTED) | AK17: SNOW | AL17: ICE | AN17: NO JUNCTION INVOLVED | AP17: ASPHALT | AQ17: ROADWAY SURFACE CONDITION | AR17: $1001 TO $2500 | AS17: SAME DIRECTION SIDESWIPE | AT17: Y | AU17: N | AV17: OAKHILLDRESTATERD14 | AW17: 0 | AY17: On Wednesday, November 16, 2022 at 23:26, Miller, Abbi responded to a crash on E State Rd 14 at intersection of Oakhill Dr. At the time of the crash, the weather was Snow and the road surface was Ice.Vehicle 1, White Kia Sportage, Maintaining path of travel. Vehicle 2, White Gmc Sierra, Maintaining path of travel. V1 was traveling east on SR 14 when the vehicle hit ice and started to loose control. D1 was attempting to gain control of the vehicle. V2 was slowing down due to V1 loosing control of the vehicle. V1 sideswipped V2 on the passenger side of the vehicle. There was minor damage to both vehicles.
A18: 904167440 | B18: FULTON | C18: ROCHESTER | D18: ATHENS | E18: 44894 | F18: 0.77083333 | G18: 1 | I18: 0 | J18: 0 | K18: 1 | M18: E STATE RD 14 | R18: E STATE RD 14 | S18: S 500 E | W18: N | Y18: 0 | AA18: 41.054375 | AB18: -86.149717 | AC18: STATE ROAD | AE18: RURAL | AF18: N | AG18: N | AH18: N | AJ18: DARK (NOT LIGHTED) | AK18: CLEAR | AL18: DRY | AN18: NO JUNCTION INVOLVED | AP18: ASPHALT | AQ18: ANIMAL/OBJECT IN ROADWAY | AR18: $2501 TO $5000 | AS18: COLLISION WITH DEER | AT18: Y | AU18: Y | AV18: S500EESTATERD14 | AW18: 0 | AY18: On Tuesday, November 29, 2022 at 18:30, Haney, Ryan responded to a crash on E State Rd 14 at intersection of S 500 E. At the time of the crash, the weather was Clear and the road surface was Dry.V1 was traveling west on SR 14 near the intersection of 500 E when a deer entered the roadway. V1 was unable to avoid the deer and struck it. V1 sustained damage to the front passenger side headlight, door, and surrounding panels. D1 continued to work after the accident, the diagram attached is what the driver described.
A19: 904188370 | B19: FULTON | C19: HENRY | D19: AKRON | E19: 44915 | F19: 0.85069444 | G19: 2 | I19: 0 | J19: 0 | K19: 0 | M19: STATE RD 14 | R19: STATE RD 14 | S19: CR 925 E | W19: N | Y19: 0 | AA19: 41.038323 | AB19: -86.071496 | AC19: STATE ROAD | AE19: RURAL | AF19: N | AG19: N | AH19: N | AJ19: DARK (NOT LIGHTED) | AK19: CLEAR | AL19: DRY | AN19: NO JUNCTION INVOLVED | AP19: ASPHALT | AQ19: IMPROPER PASSING | AR19: UNDER $1001 | AS19: OPPOSITE DIRECTION SIDESWIPE | AT19: N | AU19: Y | AV19: STATERD14CR925E | AW19: 0 | AY19: On Tuesday, December 20, 2022 Deputy Mitchell Scott responded to a crash on State Rd 14 at intersection of CR 925 E. At the time of the crash, the weather was Clear and the road surface was Dry.Vehicle 1 was traveling east on State Road 14 at CR 925 E. Driver 1 stated there was a passenger car traveling west on State Road 14 approaching CR 925 E. Driver 1 stated there was a dark in color passenger car traveling west following the vehicle in front closely. Driver 1 stated the second vehicle that was following too closely attempted to pass the vehicle and struck the mirror on vehicle 1 causing the mirror to fall off. Vehicle 1 sustained damage to the mirror only. No other damage to vehicle 1. Driver 1 was unsure of vehicle make, model, or exact color of suspect vehicle. We were unable to locate suspect vehicle.
A20: 904195376 | B20: FULTON | C20: HENRY | D20: AKRON | E20: 44916 | F20: 0.29930556 | G20: 1 | I20: 0 | J20: 0 | K20: 0 | L20: 431 S | M20: 800 E | R20: 800 E | W20: N | Y20: 0 | AA20: 41.047522 | AB20: -86.095191 | AC20: PRIVATE DRIVE | AE20: RURAL | AF20: N | AG20: N | AH20: N | AJ20: DARK (NOT LIGHTED) | AK20: CLEAR | AL20: DRY | AN20: NO JUNCTION INVOLVED | AP20: GRAVEL | AQ20: OTHER (DRIVER) - EXPLAIN IN NARRATIVE | AR20: $2501 TO $5000 | AS20: RAN OFF ROAD | AT20: Y | AU20: N | AV20: 800E | AW20: 0 | AY20: On Wednesday, December 21, 2022 at 07:11, Miller, Abbi responded to a crash on 431 S 800 E . At the time of the crash, the weather was Clear and the road surface was Dry.Vehicle 1, Maroon\Burgundy (purple) Gmc Sierra, Maintaining path of travel. I was dispatched to 431 S 800 E for a report of a truck that struck a post. I arrived on scene and spoke to D1 who advised he was having transmission issues. D1 struck the metal post but did not cause damage to the post but the truck sustained front end damage. While speaking with D1 he admitted that he had been drinking that night. Standardized Field Sobreity Tests were conducted and D1 was taken into custody.
A21: 904206526 | B21: FULTON | C21: HENRY | D21: AKRON | E21: 44941 | F21: 0.33680556 | G21: 1 | I21: 0 | J21: 0 | K21: 1 | M21: STATE RD 14 | R21: STATE RD 14 | W21: N | Y21: 0 | AA21: 41.038991 | AB21: -86.03713 | AC21: STATE ROAD | AE21: RURAL | AF21: N | AG21: N | AH21: N | AJ21: DAWN/DUSK | AK21: CLOUDY | AL21: DRY | AN21: NO JUNCTION INVOLVED | AP21: ASPHALT | AQ21: ANIMAL/OBJECT IN ROADWAY | AR21: $2501 TO $5000 | AS21: COLLISION WITH DEER | AT21: Y | AU21: N | AV21: STATERD14 | AW21: 0 | AY21: V1 WAS TRAVELING EAST ON SR 14. THE DRIVER STATED A DEER RAN INTO THE ROADWAY AND HE COLLIDED WITH IT. V1 CAME TO REST ON THE SOUTH SIDE OF THE ROAD FACING EAST. I WAS UNABLE TO LOCATE THE DEER.
A22: 904209741 | B22: FULTON | C22: HENRY | D22: AKRON | E22: 44946 | F22: 0.44444444 | G22: 2 | I22: 0 | J22: 0 | K22: 0 | M22: STATE RD 14 | R22: STATE RD 14 | S22: S 900 E | W22: N | Y22: 158 | AA22: 41.038934 | AB22: -86.07591 | AC22: STATE ROAD | AE22: RURAL | AF22: N | AG22: N | AH22: N | AJ22: DAYLIGHT | AK22: SNOW | AL22: WET | AN22: T-INTERSECTION | AP22: ASPHALT | AQ22: FOLLOWING TOO CLOSELY | AR22: $5001 TO $10000 | AS22: REAR END | AT22: Y | AU22: Y | AV22: STATERD14S900E | AW22: 0 | AY22: V1 and V2 were both westbound on state road 14 near county road 900 E. D2 started slowing down because of a vehicle in front of him slowing to make the turn onto county road 900 E. D1 was behind V2 and stated that he was reaching for a water bottle and did not notice that V2 was slowing down. V1 ran into the back end of V2. V1 had damage to the front end and it was not drivable, V2 had minor damage to the rear bumper and was able to drive from the scene.
A23: 904213223 | B23: FULTON | C23: HENRY | D23: ATHENS | E23: 44949 | F23: 0.3125 | G23: 1 | I23: 0 | J23: 0 | K23: 0 | M23: STATE RD 14 | R23: STATE RD 14 | S23: S 775 E | W23: N | Y23: 0 | AA23: 41.047424 | AB23: -86.102909 | AC23: STATE ROAD | AE23: RURAL | AF23: N | AG23: N | AH23: N | AJ23: DAWN/DUSK | AK23: SNOW | AL23: ICE | AN23: NO JUNCTION INVOLVED | AP23: ASPHALT | AQ23: SPEED TOO FAST FOR WEATHER CONDITIONS | AR23: $5001 TO $10000 | AS23: RAN OFF ROAD | AT23: Y | AU23: Y | AV23: STATERD14S775E | AW23: 0 | AY23: V1 WAS TRAVELING EAST ON SR 14. THE DRIVER STATED THAT HE TRIED TO PASS A VEHICLE IN FRONT OF HIM BUT LOST CONTROL DUE TO THE ICY ROAD. V1 THEN LEFT THE ROADWAY AND DOWN A SMALL EMBANKMENT. V1 THEN ROLLED OVER ONTO THE PASSENGER SIDE AND CAME TO REST FACING SOUTH.
A24: 904211422 | B24: FULTON | C24: HENRY | D24: AKRON | E24: 44949 | F24: 0.33333333 | G24: 1 | I24: 0 | J24: 0 | K24: 0 | M24: STATE RD 14 | R24: STATE RD 14 | S24: S 1075 E | W24: N | Y24: 0 | AA24: 41.038703 | AB24: -86.04265 | AC24: STATE ROAD | AE24: URBAN | AF24: N | AG24: N | AH24: N | AJ24: DAYLIGHT | AK24: CLOUDY | AL24: ICE | AN24: FOUR-WAY INTERSECTION | AP24: ASPHALT | AQ24: SPEED TOO FAST FOR WEATHER CONDITIONS | AR24: $2501 TO $5000 | AS24: RAN OFF ROAD | AT24: Y | AU24: Y | AV24: STATERD14S1075E | AW24: 0 | AY24: On Monday, January 23, 2023 at 08:00, Jolley, Larry responded to a crash on SR 14 at 1075 E. At the time of the crash, the weather was Cloudy and the road surface was Ice.Vehicle 1, Gray Chrysler Lhs, Run off road right. D1 advised he was traveling east on SR 14 when the vehicle began to slide. D1 advised he left the roadway and collided with a cement culvert. v1 came to rest off of the roadway facing NW.{Conclusion} Cause of crash- Speed to fast for the road conditions.
A25: 904221599 | B25: FULTON | C25: ROCHESTER | D25: ROCHESTER | E25: 44960 | F25: 0.81736111 | G25: 1 | I25: 0 | J25: 0 | K25: 1 | M25: SR 14 | R25: SR 14 | S25: 400 E | W25: N | Y25: 0 | AA25: 41.056373 | AB25: -86.161949 | AE25: RURAL | AF25: N | AG25: N | AH25: N | AJ25: DARK (NOT LIGHTED) | AK25: CLEAR | AL25: DRY | AN25: NO JUNCTION INVOLVED | AP25: ASPHALT | AQ25: ANIMAL/OBJECT IN ROADWAY | AR25: $10001 TO $25000 | AS25: COLLISION WITH DEER | AT25: Y | AU25: N | AV25: SR14400E | AW25: 0 | AY25: V1 was heading eastbound on State Road 114 when a deer was going northbound and collided with V1.
A26: 904228947 | B26: FULTON | C26: ROCHESTER | D26: ROCHESTER | E26: 44974 | F26: 0.33194444 | G26: 2 | I26: 0 | J26: 0 | K26: 0 | M26: BESSMORE PARK ROAD | R26: BESSMORE PARK ROAD | S26: STATE ROAD 14 | W26: Y | Y26: 0 | AA26: 41.057904 | AB26: -86.168724 | AC26: LOCAL/CITY ROAD | AE26: URBAN | AF26: N | AG26: N | AH26: N | AJ26: DAYLIGHT | AK26: CLEAR | AL26: DRY | AN26: FOUR-WAY INTERSECTION | AP26: ASPHALT | AQ26: UNSAFE BACKING | AR26: $2501 TO $5000 | AS26: BACKING CRASH | AT26: Y | AU26: N | AV26: STATEROAD14BESSMOREPARKROAD | AW26: 0 | AY26: On Friday, February 17, 2023 at 07:58, Haines, Ed responded to a crash on Bessmore Park Road at intersection the of State Road 14 and the road surface was Dry.Vehicle 1, Black Ford Ranger, Backing. Vehicle 2, Black Ford Fusion, Slowing or stopped in traffic. D1 stated that he was at the stop sign at SR 14 and Bessmore Park Road. He stated that he felt like he was too close to the intersection and started to back up his vehicle and did not see V2 behind him due to the frost that morning and the glare from the morning sun. V1 backed in to V2D2 stated that she was waiting stopped behind V1 and that V1 backed in to her vehicle for no apparent reason. Both vehicles were at the intersection of State Road 14 and Bessmore Park Road northbound waiting to turn westbound on State Road 14 prior to the collision.
A27: 904234750 | B27: FULTON | C27: HENRY | D27: AKRON | E27: 44985 | F27: 0.88055556 | G27: 1 | I27: 1 | J27: 0 | K27: 0 | O27: 14 | R27: 14 | U27: 800 | W27: N | Y27: 200 | AA27: 41.046884 | AB27: -86.095221 | AC27: STATE ROAD | AE27: RURAL | AF27: N | AG27: N | AH27: N | AJ27: DARK (NOT LIGHTED) | AK27: CLEAR | AL27: DRY | AN27: NO JUNCTION INVOLVED | AP27: ASPHALT | AQ27: DRIVER ILLNESS | AR27: $10001 TO $25000 | AS27: RAN OFF ROAD | AT27: Y | AU27: Y | AV27: 14 | AW27: 0 | AY27: On February 28th, 2023, I responded to a single vehicle crash near State Road 14 and County Road 800 East. When I arrived, I observed a vehicle that had struck a tree and suffered heavy damage. The tree belongs to 583 South County Road 800 East. Driver 1 stated she had potassium issues prior this same day, and does not remember going off the roadway or crashing. Driver 1 was transported by EMS to a trauma center. Driver 1's brother arrived on scene and provided me with Vehicle 1's insurance information. Vehicle 1 went off the roadway a few hundred yards east of County Road 800 East when it was traveling Eastbound on State Road 14. I observed Vehicle 1's tire marks where it left the roadway and drove through the field. Vehicle 1 then crossed County Road 800 East, went through a wire fence, and struck a tree. I would like to note that there were no tire marks on the road, nor were there any skid marks leading up to the tree. Deputy Ryan UtterFulton County Sheriff's Office
A28: 904234777 | B28: FULTON | C28: HENRY | D28: AKRON | E28: 44988 | F28: 0.72986111 | G28: 1 | I28: 0 | J28: 0 | K28: 0 | L28: 9130 | M28: EAST STATE ROAD 14 | R28: EAST STATE ROAD 14 | W28: N | Y28: 0 | AA28: 41.038586 | AB28: -86.074113 | AC28: STATE ROAD | AE28: RURAL | AF28: N | AG28: N | AH28: N | AJ28: DAYLIGHT | AK28: SLEET/HAIL/FREEZING RAIN | AL28: SNOW/SLUSH | AN28: NO JUNCTION INVOLVED | AP28: ASPHALT | AQ28: SPEED TOO FAST FOR WEATHER CONDITIONS | AR28: $2501 TO $5000 | AS28: RAN OFF ROAD | AT28: Y | AU28: Y | AV28: EASTSTATEROAD14 | AW28: 0 | AY28: On March 3rd, 2023 I responded to a single vehicle crash at 9130 East State Road 14. Driver 1 stated he was driving East on State Road 14 when he lost control of his vehicle. Vehicle 1 then left the roadway, and struck a mailbox belonging to 9130 East State Road 14. Vehicle 1 was close to a brick landscaping Colum, however it did not appear Vehicle 1 struck it. I provided owners of the damaged mailbox with this crash number. Tony's City Wide Towing responded to the scene to remove Vehicle 1 off of the mailbox. Vehicle 1 was drivable and not towed away from the scene. Deputy Ryan UtterFulton County Sheriff's Office
A29: 904285597 | B29: FULTON | C29: HENRY | D29: ROCHESTER | E29: 45072 | F29: 0.94027778 | G29: 2 | I29: 1 | J29: 0 | K29: 0 | O29: 14 | R29: 14 | U29: 800 | W29: N | Y29: 1500 | AA29: 41.044484 | AB29: -86.091035 | AC29: STATE ROAD | AE29: RURAL | AF29: N | AG29: N | AH29: N | AJ29: DARK (NOT LIGHTED) | AK29: CLEAR | AL29: DRY | AN29: NO JUNCTION INVOLVED | AP29: ASPHALT | AQ29: OTHER (DRIVER) - EXPLAIN IN NARRATIVE | AR29: $2501 TO $5000 | AS29: SAME DIRECTION SIDESWIPE | AT29: N | AU29: Y | AV29: 14 | AW29: 0 | AY29: On May 26th, 2023, emergency personnel responded to a crash on State Road 14 just east of County Road 800 east. When I arrived on scene I observed a female laying in the roadway with injuries. This female was airlifted by Samaritan due to her injuries. On May 31st, 2023, I spoke to the female passenger who stated she does not remember the crash and couldn't not remember if Vehicle 1 was struck or not. Female passenger also stated she received two stiches in her head, a broken ankle, and road rash as a result of this crash.While on scene, Driver 1 stated he and his friends were traveling East on State Road 14 after coming around a curve in the roadway when he attempted to pass a white in color SUV. I would like to note that this is a "no passing zone" with a solid yellow Eastbound line as well as no passing signs. Driver 1 stated as he passed the SUV and returned to his lane, he observed his rear passenger had "fallen off" his motorcycle. There were multiple other people on scene when I arrived and they are listed in this report as "other participants". All of the other participants stated they did not observe what happened and that there were more people on motorcycles riding with them, however they did not stop. I would like to note that Mr. Scott stated he was not traveling directly with with motorcycle group and that he arrived on scene shortly after the crash happened. Vehicle 1's rear right saddle bag was broke off of the motorcycle. I would like to note that this saddle bag was fiberglass, and pieces were located throughout the scene. Driver 1 stated he had recently purchased Vehicle 1 and did not have insurance on Vehicle 1 or Vehicle 1 registered to him. The Indiana registration plate on Vehicle 1 returned to the previous owner. After standardized field sobriety test, Driver 1 was arrested for operating a motor vehicle while intoxicated with a prior conviction. Driver 1 was also issued a complaint and summons for passing in a no passing zone, and for operating without finical responsibility. Driver 1 had fresh injuries on the rear of his right leg and was checked on by medical staff prior to being lodged at the Fulton County Jail. Later this evening I spoke to Driver 1 who stated he was struck by another motorcycle rider, however he did not know who the other driver was, or what type of motorcycle they were on. This crash report will be considered a "hit and run" due to the new statements made by Driver 1. At this time, I have no suspects or vehicle description other than a motorcycle. The vehicle that reportedly left the scene is listed as Vehicle 2. A criminal case will be completed. I would also like to note that the diagram for this crash is how I observed the scene when I arrived (excluding emergency responders/vehicles).Deputy Ryan UtterFulton County Sheriff's Office
A30: 904285593 | B30: FULTON | C30: HENRY | D30: AKRON | E30: 45073 | F30: 0.49930556 | G30: 2 | I30: 0 | J30: 0 | K30: 0 | L30: 201W | M30: ROCHESTER ST | R30: ROCHESTER ST | W30: Y | Y30: 0 | AA30: 41.038821 | AB30: -86.029583 | AC30: PRIVATE DRIVE | AE30: URBAN | AF30: N | AG30: N | AH30: N | AJ30: DAYLIGHT | AK30: CLEAR | AL30: DRY | AN30: NO JUNCTION INVOLVED | AP30: CONCRETE | AQ30: OTHER (DRIVER) - EXPLAIN IN NARRATIVE | AR30: $2501 TO $5000 | AS30: OPPOSITE DIRECTION SIDESWIPE | AT30: Y | AU30: Y | AV30: ROCHESTERST | AW30: 0 | AY30: D1 was just starting to pull away from a gas pump when she stated that another vehicle was pulling in and she believed it was going to hit her vehicle so she made a sudden move to the right and side swiped the trailer that was next to her at a different gas pump. V2 was parked getting gas, there was no damage to the trailer but V1 had damage down the passenger side.
A31: 904285455 | B31: FULTON | C31: ROCHESTER | D31: ROCHESTER | E31: 45078 | F31: 0.23263889 | G31: 1 | I31: 0 | J31: 0 | K31: 1 | O31: 14 | R31: 14 | U31: 550 | W31: N | Y31: 682 | AA31: 41.05427 | AB31: -86.137495 | AC31: STATE ROAD | AE31: RURAL | AF31: N | AG31: N | AH31: N | AJ31: DARK (NOT LIGHTED) | AK31: CLOUDY | AL31: DRY | AN31: NO JUNCTION INVOLVED | AP31: ASPHALT | AQ31: ANIMAL/OBJECT IN ROADWAY | AR31: $5001 TO $10000 | AS31: COLLISION WITH DEER | AT31: Y | AU31: N | AV31: 14 | AW31: 0 | AY31: D1 was eastbound on state road 14 near county road 550 E when a deer entered the roadway. D1 was unable to avoid striking the deer.
A32: 904296703 | B32: FULTON | C32: ROCHESTER | D32: ROCHESTER | E32: 45088 | F32: 0.17013889 | G32: 1 | I32: 0 | J32: 0 | K32: 1 | M32: SR 14 | R32: SR 14 | S32: 575 E | W32: N | Y32: 0 | AA32: 41.054194 | AB32: -86.134965 | AC32: STATE ROAD | AE32: RURAL | AF32: N | AG32: N | AH32: N | AJ32: DARK (NOT LIGHTED) | AK32: CLEAR | AL32: DRY | AN32: NO JUNCTION INVOLVED | AP32: ASPHALT | AQ32: ANIMAL/OBJECT IN ROADWAY | AR32: $2501 TO $5000 | AS32: COLLISION WITH DEER | AT32: N | AU32: Y | AV32: SR14575E | AW32: 0 | AY32: On Sunday, June 11, 2023 at 04:05, Haney, Ryan responded to a crash on SR 14 at intersection the of 575 E and the road surface was Dry.V1 was traveling east on SR 14 near 575 E when a deer entered the roadway. V1 was unable to avoid the deer and struck it. V1 sustained damage to the entire front end of the vehicle and windshield.
A33: 904296714 | B33: FULTON | C33: HENRY | D33: ROCHESTER | E33: 45096 | F33: 0.46041667 | G33: 1 | I33: 0 | J33: 0 | K33: 0 | M33: STATE ROAD 14 | R33: STATE ROAD 14 | S33: CR 800 E | W33: N | Y33: 0 | AA33: 41.047451 | AB33: -86.094813 | AC33: STATE ROAD | AE33: RURAL | AF33: N | AG33: N | AH33: N | AJ33: DAYLIGHT | AK33: CLEAR | AL33: DRY | AN33: NO JUNCTION INVOLVED | AP33: ASPHALT | AQ33: OVERCORRECTING/OVERSTEERING | AR33: $2501 TO $5000 | AS33: RAN OFF ROAD | AT33: Y | AU33: Y | AV33: STATEROAD14CR800E | AW33: 0 | AY33: On Monday, June 19, 2023 Deputy Mitchell Scott responded to a crash on State Road 14 at intersection the of CR 800 E. Vehicle 1 was traveling west on State Road 14 approaching CR 800 E in the curve. Driver 1 stated his vehicle drives to the right and he had gone off into the gravel on the north side of the roadway. Driver 1 stated he overcorrected and lost control of his vehicle. Driver 1 stated he came back onto the roadway and then off the roadway rolling the vehicle approximately 2 or 3 times according to driver 1. Driver 1 refused on scene medical attention. Witness 1 was sitting at the intersection of CR 800 E and State Road 14. Witness 1 stated vehicle 1 was traveling west on State Road 14 approaching CR 800 E. Witness 1 stated vehicle 1 traveled off the north side of the roadway, overcorrected, and then ran off the north side of the roadway rolling the vehicle. Tony's Citywide Towing took possession of the vehicle.
A34: 904299524 | B34: FULTON | C34: HENRY | D34: AKRON | E34: 45101 | F34: 0.85694444 | G34: 2 | I34: 0 | J34: 0 | K34: 0 | L34: 401 W | M34: ROCHESTER ST | R34: ROCHESTER ST | W34: Y | Y34: 0 | AA34: 41.039047 | AB34: -86.028816 | AE34: URBAN | AF34: N | AG34: N | AH34: N | AJ34: DAWN/DUSK | AK34: CLEAR | AL34: DRY | AN34: NO JUNCTION INVOLVED | AP34: ASPHALT | AQ34: UNSAFE BACKING | AR34: $5001 TO $10000 | AS34: BACKING CRASH | AT34: Y | AU34: Y | AV34: ROCHESTERST | AW34: 0 | AY34: V1 was backing out of the parking space when V1 sideswiped V2. V1 sustained damage ware and V2 sustained damage ware.
A35: 904320174 | B35: FULTON | C35: HENRY | D35: AKRON | E35: 45127 | F35: 0.49305556 | G35: 2 | H35: 0 | I35: 0 | J35: 0 | K35: 0 | O35: SR14E | R35: SR14E | T35: SR19N | W35: Y | Y35: 60 | Z35: E | AA35: 41.038804 | AB35: -86.02801 | AC35: STATE ROAD | AE35: URBAN | AF35: N | AG35: N | AH35: N | AJ35: DAYLIGHT | AK35: CLEAR | AL35: DRY | AN35: NO JUNCTION INVOLVED | AO35: STRAIGHT/GRADE | AP35: ASPHALT | AQ35: IMPROPER TURNING | AR35: $2501 TO $5000 | AS35: SAME DIRECTION SIDESWIPE | AT35: Y | AU35: Y | AV35: SR14ESR19N | AW35: 0 | AX35: NONE | AY35: DRIVER 1 WAS TURNING FROM S.R. 19 NORT ONTO S.R. 14 EAST AND STRUCK UNIT 2 CAUSING DAMAGE TO THE DRIVER SIDE FENDER OF UNIT 2 AND DAMAGE TO THE PASSENGER SIDE FENDER OF UNIT 1 . DRIVER 1 LEFT THE SCENE OF THE ACCIDENT BUT DID COME TO THE AKRON POLICE DEPARTMENT A SHORT TIME LATER AND ADMIT TO THE ACCIDENT .
A36: 904314708 | B36: FULTON | C36: ROCHESTER | D36: ROCHESTER | E36: 45128 | F36: 0.35277778 | G36: 2 | I36: 0 | J36: 0 | K36: 0 | O36: 14 | R36: 14 | U36: 500 | W36: N | Y36: 1456 | AA36: 41.05456 | AB36: -86.155308 | AC36: STATE ROAD | AE36: RURAL | AF36: N | AG36: N | AH36: N | AJ36: DAYLIGHT | AK36: CLEAR | AL36: DRY | AN36: NO JUNCTION INVOLVED | AP36: ASPHALT | AQ36: FOLLOWING TOO CLOSELY | AR36: $5001 TO $10000 | AS36: REAR END | AT36: Y | AU36: Y | AV36: 14 | AW36: 0 | AY36: V1 and V2 were both westbound on state road 14 near county road 500 E. V1 was following V2, D1 stated that she ran into the rear of V2. D1 was not sure what exactly happened other than she ran into the rear of V2.
A37: 904363515 | B37: FULTON | C37: ROCHESTER | D37: ROCHESTER | E37: 45197 | F37: 0.24652778 | G37: 1 | I37: 0 | J37: 0 | K37: 0 | M37: SR 14 | R37: SR 14 | S37: BESSMORE PARK RD | W37: N | Y37: 0 | AA37: 41.056756 | AB37: -86.163826 | AC37: STATE ROAD | AE37: RURAL | AF37: N | AG37: N | AH37: N | AJ37: DARK (NOT LIGHTED) | AK37: CLOUDY | AL37: DRY | AN37: NO JUNCTION INVOLVED | AP37: ASPHALT | AQ37: ANIMAL/OBJECT IN ROADWAY | AR37: $2501 TO $5000 | AS37: COLLISION WITH DEER | AT37: Y | AU37: N | AV37: SR14BESSMOREPARKRD | AW37: 0 | AY37: V1 WAS TRAVELING EAST ON SR 14. THE DRIVER STATED SEVERAL DEER RAN INTO THE ROAD AND SHE COLLIDED WITH ONE. V1 CAME TO REST ON THE SOUTH SIDE OF THE ROAD FACING EAST
A38: 904372464 | B38: FULTON | C38: HENRY | D38: ATHENS | E38: 45203 | F38: 0.86458333 | G38: 1 | I38: 0 | J38: 0 | K38: 1 | M38: SR 14 | R38: SR 14 | S38: 775 E | W38: N | Y38: 0 | AA38: 41.047444 | AB38: -86.102297 | AC38: STATE ROAD | AE38: RURAL | AF38: N | AG38: N | AH38: N | AJ38: DARK (NOT LIGHTED) | AK38: CLOUDY | AL38: DRY | AN38: NO JUNCTION INVOLVED | AP38: ASPHALT | AQ38: ANIMAL/OBJECT IN ROADWAY | AR38: $2501 TO $5000 | AS38: COLLISION WITH DEER | AT38: Y | AU38: N | AV38: SR14775E | AW38: 0 | AY38: V1 WAS TRAVELING EAST ON SR 14. THE DRIVER STATED A DEER RAN INTO THE ROADWAY AND HE COLLIDED WITH IT. V1 CAME TO REST ON THE SOUTH SIDE OF THE ROAD FACING EAST.
A39: 904390601 | B39: FULTON | C39: HENRY | D39: AKRON | E39: 45240 | F39: 0.27708333 | G39: 1 | I39: 0 | J39: 0 | K39: 1 | O39: 14 | R39: 14 | U39: 100 | W39: N | Y39: 1394 | AA39: 41.039371 | AB39: -86.051936 | AC39: STATE ROAD | AE39: RURAL | AF39: N | AG39: N | AH39: N | AJ39: DARK (NOT LIGHTED) | AK39: CLEAR | AL39: DRY | AN39: NO JUNCTION INVOLVED | AP39: ASPHALT | AQ39: ANIMAL/OBJECT IN ROADWAY | AR39: $5001 TO $10000 | AS39: COLLISION WITH DEER | AT39: Y | AU39: N | AV39: 14 | AW39: 0 | AY39: D1 was eastbound on state road 14 near county road 1000 E when a deer entered the roadway. D1 was unable to avoid striking the deer.
A40: 904409231 | B40: FULTON | C40: HENRY | D40: AKRON | E40: 45261 | F40: 0.66666667 | G40: 2 | I40: 0 | J40: 0 | K40: 0 | M40: STATE ROAD 19 | R40: STATE ROAD 19 | S40: STATE ROAD 14 | W40: Y | Y40: 0 | AA40: 41.039076 | AB40: -86.028338 | AC40: STATE ROAD | AE40: URBAN | AF40: N | AG40: N | AH40: N | AJ40: DAYLIGHT | AK40: CLEAR | AL40: DRY | AN40: FOUR-WAY INTERSECTION | AP40: ASPHALT | AQ40: OTHER (ENVIRONMENTAL) - EXPLAIN IN NARR | AR40: $1001 TO $2500 | AS40: SAME DIRECTION SIDESWIPE | AT40: Y | AU40: Y | AV40: STATEROAD19STATEROAD14 | AW40: 0 | AY40: On December 2, 2023 I was dispatched to 104 N Mishawaka Street, Akron, Indiana for a crash report. I arrived and spoke to Ashley Prater who advised sometime the day before, December 1, between the hours of 4 and 5 p.m., her vehicle had been struck by a vehicle that had fled the scene. I observed her vehicle and it had fresh front driver's side damage to the quarter panel that was consistent with a same direction side swipe. Ms. Prater did not have any information about a suspect vehicle and the surveillance videos in the area did not capture the area in question. There are currently no further leads to pursue in regards to locating Vehicle 1, which fled the scene. Information was taken from Ms. Prater for this report to be filed.
A41: 904413316 | B41: FULTON | C41: HENRY | D41: AKRON | E41: 45272 | F41: 0.46875 | G41: 1 | I41: 0 | J41: 0 | K41: 0 | M41: 201 WEST ROCHESTER STREET AKRO | R41: 201 WEST ROCHESTER STREET AKRON IN 46910 | W41: Y | Y41: 0 | AA41: 41.03883 | AB41: -86.029531 | AC41: PRIVATE DRIVE | AE41: URBAN | AF41: N | AG41: N | AH41: N | AJ41: DAYLIGHT | AK41: CLEAR | AL41: DRY | AN41: NO JUNCTION INVOLVED | AP41: CONCRETE | AQ41: UNSAFE BACKING | AR41: $2501 TO $5000 | AS41: BACKING CRASH | AT41: Y | AU41: Y | AV41: 201WESTROCHESTERSTREETAKRONIN46910 | AW41: 0 | AY41: On Tuesday, December 12, 2023 at 11:15, GEARHART, JUSTIN responded to a crash on LOCATION_OF_CRASH_MISSING and the road surface was Dry.Vehicle 1, Blue Dodge Charger, Backing. {Driver Statements} DRIVER 1 ADVISED SHE WAS BACKING UP IN UNIT 1 A 2013 DODGE CHARGER AND BACKED INTO AN UNOCCUPPIED VEHICLE PARKED AT THE MINI MART THERE WERE NO INJURIES , THE PARKED CAR WAS A RED 2013 CHEVROLET PASSANGER VEHICLE LICENSE PLATE INDIANA 226AYF , VIN KL8CB6S94DC610468{Witness Statements} NONE {Conclusion}DAMAGE TO THE DRIVER SIDE DOORS OF PARKED VEHICLE AND TO THE REAR BUMPER AND DRIVER SIDE REAR OF UNIT 1
A42: 904452080 | B42: FULTON | C42: ROCHESTER | D42: ATHENS | E42: 45337 | F42: 0.96666667 | G42: 1 | I42: 0 | J42: 0 | K42: 1 | M42: STATE ROAD 14 | R42: STATE ROAD 14 | S42: COUNTY ROAD 700 E | W42: N | Y42: 0 | AA42: 41.051713 | AB42: -86.114363 | AC42: STATE ROAD | AE42: RURAL | AF42: N | AG42: N | AH42: N | AJ42: DARK (NOT LIGHTED) | AK42: CLEAR | AL42: DRY | AN42: NO JUNCTION INVOLVED | AP42: ASPHALT | AQ42: ANIMAL/OBJECT IN ROADWAY | AR42: $2501 TO $5000 | AS42: COLLISION WITH DEER | AT42: Y | AU42: Y | AV42: STATEROAD14COUNTYROAD700E | AW42: 0 | AY42: On Thursday, February 15, 2024 at approximately 11:12 p.m. I was dispatched to a car/deer collision at State Road 14 and County Road 700 East. I arrived and observed a white Ford SUV with damage consistent with a collision with a deer.I spoke to the driver, Aleesya Shelpman and she advised she was traveling eastbound on State Road 14 when a deer emerged into the roadway from the north and struck her vehicle as she was unable to avoid the collision. I observed damage on the grill and almost the entirety of the driver's side of the vehicle. The vehicle was able to be driven from the scene. A report and photographs were taken and no further events occurred.
A43: 904471741 | B43: FULTON | C43: ROCHESTER | D43: ROCHESTER | E43: 45348 | F43: 0.27777778 | G43: 2 | I43: 0 | J43: 0 | K43: 0 | M43: BESSMORE PARK RD | R43: BESSMORE PARK RD | S43: E SR 14 | W43: Y | Y43: 0 | AA43: 41.057977 | AB43: -86.168729 | AC43: LOCAL/CITY ROAD | AE43: URBAN | AF43: N | AG43: N | AH43: N | AJ43: DAWN/DUSK | AK43: CLEAR | AL43: DRY | AN43: FOUR-WAY INTERSECTION | AP43: ASPHALT | AQ43: LEFT OF CENTER | AR43: $5001 TO $10000 | AS43: RIGHT TURN | AT43: Y | AU43: Y | AV43: ESR14BESSMOREPARKRD | AW43: 0 | AY43: On Monday, February 26, 2024 at 06:40, MICHAEL, BRYCE responded to a crash on Bessmore Park Rd at the intersection of E SR 14 and the road surface was Dry.Vehicle 1, Silver\Aluminum Buick Lucerne, Turning right. Vehicle 2, Red Chrysler 200, Going straight. Driver of V1 stated he was turn south off of SR 14 and thought he took the turn sharp but guessed he didn't. That's when he saw V2 and tried to avoid the collision. At this time, that's when driver of V1 struck the rear end of V2. Driver of V2 stated she had turned off of Barrett Rd and north onto Bessmore Park Rd. While on Bessmore Park Rd, this is when V1 collided with V2. Photographs were taken on scene. I have nothing further at this time.
A44: 904465446 | B44: FULTON | C44: HENRY | D44: AKRON | E44: 45353 | F44: 0.52777778 | G44: 2 | I44: 5 | J44: 0 | K44: 0 | M44: 10915 E | R44: 10915 E | S44: ST RD 14 | W44: N | Y44: 0 | AA44: 41.038915 | AB44: -86.038561 | AE44: RURAL | AF44: N | AG44: Y | AH44: N | AJ44: DAYLIGHT | AK44: CLEAR | AL44: DRY | AN44: NO JUNCTION INVOLVED | AP44: ASPHALT | AQ44: LEFT OF CENTER | AR44: $25001 TO $50000 | AS44: OPPOSITE DIRECTION SIDESWIPE | AT44: Y | AU44: Y | AV44: STRD1410915E | AW44: 0 | AY44: On Saturday, March 2, 2024 at 12:40, I responded to a crash near 10915 E ST RD 14 and the road surface was Dry.Vehicle 1, Maroon\Burgundy (purple) Buick Regal, was traveling West on State Road 14 when it left the North side of the road, overcorrected and traveled Left of center striking vehicle 2.Vehicle 2, Blue Chrysler Town And Country, was traveling East when vehicle 1 crossed the center line of the roadway striking veh. 2 in the drivers side frontal area. Driver 1 stated to have lost control of the vehicle while traveling West and crossed into the Eastbound lane striking vehicle 2. Driver 2 stated vehicle 1 crossed the center line of the roadway striking her vehicle.It is this investigating officers opinion this crash was caused by vehicle 1 crossing the center line of the roadway causing the collision.
A45: 904470385 | B45: FULTON | C45: HENRY | D45: AKRON | E45: 45353 | F45: 0.84375 | G45: 1 | I45: 0 | J45: 0 | K45: 1 | M45: SR 14 | R45: SR 14 | S45: 900 E | W45: N | Y45: 0 | AA45: 41.039197 | AB45: -86.077615 | AC45: STATE ROAD | AE45: RURAL | AF45: N | AG45: N | AH45: N | AJ45: DARK (NOT LIGHTED) | AK45: CLOUDY | AL45: DRY | AN45: NO JUNCTION INVOLVED | AP45: ASPHALT | AQ45: ANIMAL/OBJECT IN ROADWAY | AR45: $2501 TO $5000 | AS45: COLLISION WITH DEER | AT45: Y | AU45: N | AV45: SR14900E | AW45: 0 | AY45: V1 WAS TRAVELING WEST ON SR 14. THE DRIVER STATED A DEER JUMPED OUT OF A DITCH AND HE COULD NOT AVOID COLLIDING WITH IT. V1 PULLED OVER IN THE ENTRANCE TO A BUSINESS TO GET OUT OF THE ROADWAY AND CAME TO REST FACING SOUTH WEST.
A46: 904472192 | B46: FULTON | C46: HENRY | D46: ROCHESTER | E46: 45366 | F46: 0.54166667 | G46: 1 | I46: 0 | J46: 0 | K46: 0 | M46: SR 14 | R46: SR 14 | W46: N | Y46: 1000 | AA46: 41.037831 | AB46: -86.067019 | AC46: STATE ROAD | AE46: RURAL | AF46: N | AG46: N | AH46: N | AJ46: DAYLIGHT | AK46: CLEAR | AL46: DRY | AN46: NO JUNCTION INVOLVED | AP46: ASPHALT | AQ46: TOW HITCH FAILURE | AR46: $10001 TO $25000 | AS46: RAN OFF ROAD | AT46: Y | AU46: Y | AV46: SR14 | AW46: 0 | AY46: V1 was traveling west on SR 14 in the area of 975 E when the tow hitch broke from the trailer it was pulling. When the hitch broke, the trailer ran off the road down a ditch and struck a fence, causing the trailer to partially roll. The trailer was loaded with a 2018 Bobcat S595. There was no damage to V1. The Bobcat did sustain damage, primarily on the right side.
A47: 904474994 | B47: FULTON | C47: HENRY | D47: AKRON | E47: 45372 | F47: 0.059027778 | G47: 1 | I47: 0 | J47: 0 | K47: 4 | M47: STATE ROAD 25 | R47: STATE ROAD 25 | S47: 800 EAST | W47: N | Y47: 2000 | AA47: 41.04757 | AB47: -86.098992 | AC47: STATE ROAD | AE47: RURAL | AF47: N | AG47: Y | AH47: N | AJ47: DARK (NOT LIGHTED) | AK47: CLEAR | AL47: DRY | AN47: NO JUNCTION INVOLVED | AP47: ASPHALT | AQ47: ANIMAL/OBJECT IN ROADWAY | AR47: $25001 TO $50000 | AS47: COLLISION WITH DEER | AT47: Y | AU47: N | AV47: STATEROAD25800EAST | AW47: 0 | AY47: On Thursday, March 21, 2024 at 01:25, Styers, Anthony responded to a crash on STATE ROAD 25 2000 ft at the intersection of 800 EAST and the road surface was Dry.Vehicle 1, Silver\Aluminum Kia Sportage, Going straight. {Driver Statements} D1 stated that he was traveling westbound on State Road 25 just passed the intersection of 800 East when a group of deer ran out into the roadway from the southside of State Road 25. D1 stated that he was unable to avoid hitting the deer.V1 struck one deer with the front center of V1. {Witness Statements} {Conclusion} V1 struck deer
A48: 904487667 | B48: FULTON | C48: ROCHESTER | D48: ROCHESTER | E48: 45374 | F48: 0.75208333 | G48: 1 | I48: 0 | J48: 0 | K48: 1 | M48: SR 14 E | R48: SR 14 E | S48: BESSMORE PARK RD | W48: Y | Y48: 0 | AA48: 41.057247 | AB48: -86.166275 | AC48: STATE ROAD | AE48: URBAN | AF48: N | AG48: N | AH48: N | AJ48: DAYLIGHT | AK48: CLEAR | AL48: DRY | AN48: NO JUNCTION INVOLVED | AP48: ASPHALT | AQ48: ANIMAL/OBJECT IN ROADWAY | AR48: $2501 TO $5000 | AS48: COLLISION WITH DEER | AT48: Y | AU48: Y | AV48: SR14EBESSMOREPARKRD | AW48: 0 | AY48: On Saturday, March 23, 2024 at 18:03, MICHAEL, BRYCE responded to a crash on SR 14 E at the intersection of Bessmore Park Rd and the road surface was Dry.Vehicle 1, Black Subaru Legacy, Going straight. Driver of V1 stated he was traveling west on SR 14 E, when a deer came from the south side of the roadway traveling north. When the deer entered the roadway, this is when it struck the drivers side front and rear door door. Driver of V1 stated the deer continued running north through the field. Upon my arrival, I observed deer off in the distance in the field. Photos were taken on scene. I have nothing further at this time.
A49: 904484433 | B49: FULTON | C49: ROCHESTER | D49: ROCHESTER | E49: 45389 | F49: 0.29166667 | G49: 1 | I49: 0 | J49: 0 | K49: 1 | M49: STATE ROAD 14 | R49: STATE ROAD 14 | S49: CR 500 E | W49: N | Y49: 0 | AA49: 41.054413 | AB49: -86.149665 | AE49: RURAL | AF49: N | AG49: N | AH49: N | AJ49: DAWN/DUSK | AK49: CLEAR | AL49: DRY | AN49: NO JUNCTION INVOLVED | AP49: ASPHALT | AQ49: ANIMAL/OBJECT IN ROADWAY | AR49: $10001 TO $25000 | AS49: COLLISION WITH DEER | AT49: Y | AU49: Y | AV49: STATEROAD14CR500E | AW49: 0 | AY49: On Sunday, April 7, 2024, I Deputy Jared Parish spoke with D1 on the phone. D1 stated he hit a deer around 7am just down the road from his residence at 3313 Gregory Farm Village. D1 stated he didn't have a cell phone with him and continued to his residence, then called the sheriff's office. I arrived at D1's residence shorty after and observed V1. There was heavy front end damage and damage to the windshield. D1 stated he was between Athens and Rochester when 2 deer entered the roadway. D1 was unable to avoid one of the deer, striking it with the front of V1. D1 continued to his residence after striking the deer.
A50: 904499684 | B50: FULTON | C50: HENRY | D50: ATHENS | E50: 45413 | F50: 0.87222222 | G50: 1 | I50: 1 | J50: 0 | K50: 0 | O50: 14 | R50: 14 | U50: 650 | W50: N | Y50: 1500 | AA50: 41.053535 | AB50: -86.119783 | AC50: STATE ROAD | AE50: RURAL | AF50: N | AG50: N | AH50: N | AJ50: DARK (NOT LIGHTED) | AK50: CLEAR | AL50: DRY | AN50: NO JUNCTION INVOLVED | AP50: ASPHALT | AQ50: ANIMAL/OBJECT IN ROADWAY | AR50: $2501 TO $5000 | AS50: COLLISION WITH OBJECT IN ROAD | AT50: Y | AU50: Y | AV50: 14 | AW50: 0 | AY50: On May 1st, 2024 I responded to a single vehicle crash on State Road 14, east of County Road 650 East. Driver 1 was receiving medical attention from a Henry Township Volunteer firefighter when I arrived on scene. Witness 1 stated he was riding his motorcycle behind V1 when he observed V1 strike a 6x6 in the roadway, causing V1 to go airborne. Witness 1 stated V1 flipped in the air one time, struck the ground, and went airborne at least one more time. Witness 1 stated D1 was ejected from the bike and struck the ground several times. Witness 1 stated him and D1 were going the posted speed limit. I did locate a 6x6 chunk of wood about 2 foot long, that was off the southside of the roadway. Witness 1 stated this was the piece of wood that D1 struck. D1 was treated by Lutheran EMS 0457 on scene, then transported via Lutheran Helicopter LA2 (N794ADE) to Lutheran Hospital in Fort Wayne, Indiana. V1 was towed by Wilsons Towing to d1's fathers address at 7060 E State Rd 14. D1's father requested Wilson's Towing. I was not able to obtain insurance for V1 on the crash scene. D1 contacted the Sheriff's Office later with his insurance information. Deputy Ryan UtterFulton County Sheriff's Office
A51: 904501078 | B51: FULTON | C51: ROCHESTER | D51: ROCHESTER | E51: 45416 | F51: 0.84444444 | G51: 1 | I51: 0 | J51: 0 | K51: 0 | L51: 5955 | M51: E STATE ROAD 14 | R51: E STATE ROAD 14 | W51: N | Y51: 0 | AA51: 41.054265 | AB51: -86.130855 | AC51: STATE ROAD | AE51: RURAL | AF51: N | AG51: N | AH51: N | AJ51: DAYLIGHT | AK51: CLEAR | AL51: DRY | AN51: NO JUNCTION INVOLVED | AP51: ASPHALT | AQ51: FAILURE TO MAINTAIN LANE | AR51: $2501 TO $5000 | AS51: RAN OFF ROAD | AT51: Y | AU51: Y | AV51: ESTATEROAD14 | AW51: 0 | AY51: V1 was traveling westbound on SR14 approaching the residence of 5955 E St Rd 14, Rochester, IN. V1 traveled of the right side of the road striking two mailboxes belonging to 6013 and 5955. V1 then traveled back onto the road and left the scene of the accident. V1 was located shortly after on SR14 near the 70MM and a traffic stop was conducted in a Dollar Tree parking lot. D1 stated he was not aware he had hit mailboxes. D1 stated the damage on V1 was from a deer.V1 had damage to the right front bumper, headlight, and hood. V1 also had a tan wheel trim hanging off the vehicle. A tan wheel trim piece was located at the scene that belonged to V1.
A52: 904524084 | B52: FULTON | C52: ROCHESTER | D52: ROCHESTER | E52: 45458 | F52: 0.98402778 | G52: 1 | I52: 0 | J52: 0 | K52: 0 | M52: SR 14 E | R52: SR 14 E | S52: BESSMORE PARK RD | W52: Y | Y52: 0 | AA52: 41.05746 | AB52: -86.167303 | AC52: STATE ROAD | AE52: URBAN | AF52: N | AG52: N | AH52: N | AJ52: DARK (NOT LIGHTED) | AK52: CLEAR | AL52: DRY | AN52: NO JUNCTION INVOLVED | AP52: ASPHALT | AQ52: ANIMAL/OBJECT IN ROADWAY | AR52: $2501 TO $5000 | AS52: COLLISION WITH DEER | AT52: Y | AU52: Y | AV52: SR14EBESSMOREPARKRD | AW52: 0 | AY52: On Saturday, June 15, 2024 at 23:37, MICHAEL, BRYCE responded to a crash on SR 14 E at the intersection of Bessmore Park Rd and the road surface was Dry.Vehicle 1, Blue Chevrolet Malibu, Going straight. Driver of V1 stated he was traveling west on SR14 near Bessmore Park Rd when a deer came from the north side of the road striking his vehicle.
A53: 904540341 | B53: FULTON | C53: HENRY | D53: AKRON | E53: 45486 | F53: 0.42152778 | G53: 2 | I53: 0 | J53: 0 | K53: 0 | L53: 201 W | M53: ROCHESTER ST | R53: ROCHESTER ST | W53: N | Y53: 0 | AA53: 41.039218 | AB53: -86.031521 | AE53: URBAN | AF53: N | AG53: N | AH53: N | AJ53: DAYLIGHT | AK53: CLEAR | AL53: DRY | AN53: NO JUNCTION INVOLVED | AP53: CONCRETE | AQ53: UNSAFE BACKING | AR53: $2501 TO $5000 | AS53: BACKING CRASH | AT53: Y | AU53: Y | AV53: ROCHESTERST | AW53: 0 | AY53: On Saturday, July 13, 2024 at 10:07, Salientes, Jeryl responded to a crash on 201 W ROCHESTER ST and the road surface was Dry.Vehicle 1, Red Honda Accord, Parked. Vehicle 2, Red Chevrolet Silverado, Backing. D1 Stated she was leaving the parking lot of Good to Go gas station when V2 was backing out of the parking space and collided with V1.Spoke to D2 and stated he was backing out of the parking space and did not see V1 and collided into it.V1 sustained damaged to the rear passenger door and V2 sustained a few scratches on the corner of the rear bumper.
A54: 904547726 | B54: FULTON | C54: HENRY | D54: ROCHESTER | E54: 45503 | F54: 0.25694444 | G54: 1 | I54: 0 | J54: 0 | K54: 3 | M54: STATE ROAD 14 | R54: STATE ROAD 14 | S54: 1000 EAST | W54: N | Y54: 0 | AA54: 41.038955 | AB54: -86.05715 | AC54: STATE ROAD | AE54: RURAL | AF54: N | AG54: N | AH54: N | AJ54: DAWN/DUSK | AK54: CLOUDY | AL54: DRY | AN54: NO JUNCTION INVOLVED | AP54: ASPHALT | AQ54: ANIMAL/OBJECT IN ROADWAY | AR54: $10001 TO $25000 | AS54: COLLISION WITH DEER | AT54: Y | AU54: Y | AV54: STATEROAD141000EAST | AW54: 0 | AY54: Vehicle 1 was traveling westbound on State Road 14 approaching 1000 East. V1 struck 2 bucks and 1 doe that were coming out of the cornfield to the north of the intersection going southbound. V1 sustained damage to the front grill causing both headlights to break, the front bumper to come loose, and possible damage to engine components. V1 did have airbag deployment.Driver 1 had a scratch on there left forearm and denied medical treatment. Passenger 1 stated they had bruising to there stomach and refused medical treatment.
A55: 904553140 | B55: FULTON | C55: ROCHESTER | D55: ATHENS | E55: 45509 | F55: 0.28888889 | G55: 1 | I55: 1 | J55: 0 | K55: 0 | M55: STATE ROAD 14 | R55: STATE ROAD 14 | S55: CR 575 E | W55: N | Y55: 300 | AA55: 41.054263 | AB55: -86.136122 | AE55: RURAL | AF55: N | AG55: N | AH55: N | AJ55: DAWN/DUSK | AK55: CLEAR | AL55: DRY | AN55: NO JUNCTION INVOLVED | AP55: ASPHALT | AQ55: UNSAFE SPEED | AR55: $5001 TO $10000 | AS55: NON-COLLISION | AT55: Y | AU55: Y | AV55: STATEROAD14CR575E | AW55: 0 | AY55: On Monday, August 5, 2024, I Deputy Jared Parish responded to a single vehicle motorcycle crash near the intersection of State Road 14 and CR 575 East. When I arrived on scene I spoke to D1. D1 stated he was westbound on SR 14 headed towards Rochester when he was passing vehicles. D1 stated he lost control which led to the crash. I observed D1 to be confused in his directions he was describing to me. I observed a head laceration where D1 hit his head. I then spoke to 2 witnesses of the crash as D1 was being attended to by Medic 61. Witnesses advised D1 was passing them at around 70-90 miles per hour when D1 got speed wobbles and dropped his bike. Pictures were taken of the of the crash. It should be noted that the motorcycle was moved out of the roadway by witnesses before my arrival. D1 was transported by Medic 61 was Fort Wayne. V1 was towed by Hammel's to North Manchester.
A56: 904584833 | B56: FULTON | C56: HENRY | D56: AKRON | E56: 45542 | F56: 0.85763889 | G56: 1 | I56: 0 | J56: 0 | K56: 0 | M56: FEDERAL ST | R56: FEDERAL ST | S56: ROCHESTER ST | W56: Y | Y56: 0 | AA56: 41.039149 | AB56: -86.028896 | AC56: LOCAL/CITY ROAD | AE56: URBAN | AF56: N | AG56: N | AH56: N | AJ56: DARK (LIGHTED) | AK56: CLOUDY | AL56: DRY | AN56: NO JUNCTION INVOLVED | AP56: ASPHALT | AQ56: IMPROPER TURNING | AR56: $5001 TO $10000 | AS56: LEFT/RIGHT TURN | AT56: Y | AU56: N | AV56: ROCHESTERSTFEDERALST | AW56: 0 | AY56: V1 WAS TRAVELING EAST ON ROCHESTER ST. AS V1 MADE THE TURN NORTH ONTO FEDERAL ST, V1 COLLIDED WITH A STEP IN THE CONCRETE BARRIER WALL NEXT TO THE ROADWAY. V1 ALSO HIT A METAL RAIL ON TOP OF THE WALL BREAKING IT. V1 CAME TO REST FACING NORTH IN THE ROADWAY.THE DRIVER HAD EXPLAINED HE WAS TRYING TO CHASE A VEHICLE THAT PASSED HIM ON THE RIGHT AND WHEN HE TURNED HE COLLIDED WITH THE WALL. HE STATED HE WAS TRYING TO GET THE VEHICLE INFORMATION AS THE REASON HE WAS DRIVING THE WAY HE WAS.
A57: 904587726 | B57: FULTON | C57: HENRY | D57: AKRON | E57: 45562 | F57: 0.33402778 | G57: 2 | I57: 1 | J57: 0 | K57: 0 | M57: SR 14 | R57: SR 14 | S57: 700 E | W57: N | Y57: 0 | AA57: 41.051721 | AB57: -86.114394 | AE57: RURAL | AF57: N | AG57: N | AH57: N | AJ57: DAYLIGHT | AK57: CLOUDY | AL57: DRY | AN57: NO JUNCTION INVOLVED | AP57: ASPHALT | AQ57: OTHER (DRIVER) - EXPLAIN IN NARRATIVE | AR57: $10001 TO $25000 | AS57: REAR END | AT57: Y | AU57: Y | AV57: SR14700E | AW57: 0 | AY57: On Friday, September 27, 2024 at 08:01, Salientes, Jeryl responded to a crash on SR 14 at the intersection of 700 E and the road surface was Dry.Vehicle 1, Red Ram 5500, Going straight. Vehicle 2, Maroon\Burgundy (purple) Chevrolet Equinox, Going straight. D1 stated that D2 pulled out in front of him from a residence and continued to drive east. D1 continued to explain that D2 made a quick stop to turn north onto 700 east and could not avoid colliding with V2 due to a oversized semi in the opposite lane. D1 stated he spoke to D2 and she said she stopped to fast.D2 stated she pulled out of her driveway in front of the truck and headed east on SR14. She said she turned her turn signal on prior to the turn and was struck by V1.
A58: 904644977 | B58: FULTON | C58: ROCHESTER | D58: ROCHESTER | E58: 45607 | F58: 0.80208333 | G58: 1 | I58: 0 | J58: 0 | K58: 1 | M58: SR 14 | R58: SR 14 | S58: CR 650 E | W58: N | Y58: 0 | AA58: 41.038996 | AB58: -86.029509 | AC58: STATE ROAD | AE58: RURAL | AF58: N | AG58: N | AH58: N | AJ58: DARK (NOT LIGHTED) | AK58: CLEAR | AL58: DRY | AN58: NO JUNCTION INVOLVED | AP58: ASPHALT | AQ58: ANIMAL/OBJECT IN ROADWAY | AR58: $2501 TO $5000 | AS58: COLLISION WITH DEER | AT58: N | AU58: N | AV58: SR14CR650E | AW58: 0 | AY58: On Monday, November 11, 2024 at 19:15, Dulin, James responded to a crash on SR 14 at the intersection of CR 650 E where a vehicle has struck a deer.
A59: 904622795 | B59: FULTON | C59: ROCHESTER | D59: ROCHESTER | E59: 45616 | F59: 0.74305556 | G59: 1 | I59: 1 | J59: 0 | K59: 0 | M59: SR 14 | R59: SR 14 | W59: N | Y59: 73 | AA59: 41.054294 | AB59: -86.141575 | AC59: STATE ROAD | AE59: RURAL | AF59: N | AG59: N | AH59: N | AJ59: DARK (NOT LIGHTED) | AK59: CLEAR | AL59: DRY | AN59: NO JUNCTION INVOLVED | AP59: ASPHALT | AQ59: OVERCORRECTING/OVERSTEERING | AR59: $5001 TO $10000 | AS59: RAN OFF ROAD | AT59: Y | AU59: Y | AV59: SR14 | AW59: 0 | AY59: On Sunday, November 24, 2024 at 5:50 P.M. I was dispatched to a crash in the area of State Road 14 and County Road 550 East. I arrived as the driver was being transported by ambulance to Woodlawn Hospital for a complaint of pain. I observed Vehicle 1 to be in the south ditch, facing south, with the passenger side resting against a power pole. I spoke to a witness, Jason Freels, who was traveling westbound on State Road 14 as the second vehicle behind Vehicle 1. Jason stated that a deer crossed the roadway from south to north, and that vehicle 1 swerved to avoid the deer, which it successfully did, but then overcorrected and lost control, careening off of the south side of the road. Jason stated the deer was not struck and that he stopped to render aid. Patrolman Bryce Michael met with Driver 1, Rebecca Beliles, at Woodlawn Hospital and obtained her driver's license information and insurance information. Her version of events corroborated Mr. Freel's statements about swerving to avoid a deer. Her injury was a complaint of pain. The vehicle was towed from the scene due to disabling damage by Tony's City Wide Towing. There was minimal, cosmetic-only damage to the electric pole.
A60: 904622792 | B60: FULTON | C60: HENRY | D60: AKRON | E60: 45619 | F60: 0.81944444 | G60: 1 | I60: 0 | J60: 0 | K60: 0 | M60: STATE ROAD 14 | R60: STATE ROAD 14 | S60: CR 875 E | W60: N | Y60: 0 | AA60: 41.039566 | AB60: -86.080928 | AC60: STATE ROAD | AE60: RURAL | AF60: N | AG60: N | AH60: N | AJ60: DARK (NOT LIGHTED) | AK60: CLEAR | AL60: DRY | AN60: T-INTERSECTION | AP60: ASPHALT | AQ60: ANIMAL/OBJECT IN ROADWAY | AR60: $2501 TO $5000 | AS60: COLLISION WITH ANIMAL OTHER | AT60: Y | AU60: N | AV60: STATEROAD14CR875E | AW60: 0 | AY60: On Saturday, November 23, 2024 Deputy Mitchell Scott responded to a crash on State Road 14 at the intersection of CR 875 E and the road surface was Dry.Vehicle 1 was traveling east on State Road 14 at/near CR 875 E. Driver 1 stated a racoon entered the roadway and she was unable to avoid it. Vehicle 1 struck the racoon on the front driver's side bumper. I observed what appeared to be fur on the front bumper. Driver 1 drove home and called law enforcement. I observed vehicle parts in the area of State Road 14 and CR 875 E.
A61: 904622798 | B61: FULTON | C61: HENRY | E61: 45621 | F61: 0.24166667 | G61: 1 | I61: 0 | J61: 0 | K61: 0 | M61: STATE ROAD 14 | R61: STATE ROAD 14 | S61: CR 800 EAST | W61: N | Y61: 100 | AA61: 41.047248 | AB61: -86.094294 | AC61: STATE ROAD | AE61: RURAL | AF61: N | AG61: N | AH61: N | AJ61: DARK (NOT LIGHTED) | AK61: CLEAR | AL61: DRY | AN61: NO JUNCTION INVOLVED | AP61: ASPHALT | AQ61: FAILURE TO MAINTAIN LANE | AR61: $5001 TO $10000 | AS61: RAN OFF ROAD | AT61: Y | AU61: Y | AV61: STATEROAD14CR800EAST | AW61: 0 | AY61: On Monday, November 25, 2024, I Deputy Jared Parish responded to the area of State Road 14 near CR 800 East for a single vehicle crash with no injuries. When I arrived on scene, I spoke to D1. D1 stated she was westbound on State Road 14 when she went of the roadway onto the gravel shoulder. D1 stated after she hit the gravel, she lost control of V1. I observed V1 to be laying on its passenger side in the field on the north side of the roadway. V1 was towed by Tony's tow to Akron. D1 denied medical attention at the scene.
A62: 904625122 | B62: FULTON | C62: HENRY | D62: ATHENS | E62: 45621 | F62: 0.73472222 | G62: 1 | I62: 0 | J62: 0 | K62: 1 | M62: SR 14 | R62: SR 14 | W62: N | Y62: 0 | AA62: 41.053679 | AB62: -86.120525 | AC62: STATE ROAD | AE62: RURAL | AF62: N | AG62: N | AH62: N | AJ62: DARK (NOT LIGHTED) | AK62: RAIN | AL62: WET | AN62: NO JUNCTION INVOLVED | AP62: ASPHALT | AQ62: ANIMAL/OBJECT IN ROADWAY | AR62: $2501 TO $5000 | AS62: COLLISION WITH DEER | AT62: Y | AU62: N | AV62: SR14 | AW62: 0 | AY62: On Monday, November 25, 2024 at 17:38, Miller, Abbigayle responded to a crash on SR 14 and the road surface was Wet.Vehicle 1, Red Gmc Acadia, Maintaining path of travel. V1 was traveling east on SR 14 near CR 650 E when a deer entered the roadway. D1 was unable to avoid the deer and hit it. The vehicle was towed by Tony's towing.
A63: 904629295 | B63: FULTON | C63: HENRY | D63: ATHENS | E63: 45634 | F63: 0.22569444 | G63: 1 | I63: 0 | J63: 0 | K63: 1 | M63: SR 14 | R63: SR 14 | S63: CR 700 E | W63: N | Y63: 1500 | AA63: 41.048463 | AB63: -86.109338 | AC63: STATE ROAD | AE63: RURAL | AF63: N | AG63: N | AH63: N | AJ63: DARK (NOT LIGHTED) | AK63: CLEAR | AL63: DRY | AN63: NO JUNCTION INVOLVED | AP63: ASPHALT | AQ63: ANIMAL/OBJECT IN ROADWAY | AR63: $2501 TO $5000 | AS63: COLLISION WITH DEER | AT63: Y | AU63: N | AV63: SR14CR700E | AW63: 0 | AY63: V1 was traveling east on SR 14 in the area of CR 700 E when a deer entered the roadway. V1 was unable to avoid striking the deer. V1 sustained front end damage primarily to the front driver side bumper and surrounding panels. The airbags did deploy during this crash.
A64: 904644988 | B64: FULTON | C64: ROCHESTER | D64: ROCHESTER | E64: 45634 | F64: 0.78472222 | G64: 1 | I64: 0 | J64: 0 | K64: 1 | M64: SR 14 | R64: SR 14 | S64: CR 500 E | W64: N | Y64: 0 | AA64: 41.054358 | AB64: -86.147028 | AC64: STATE ROAD | AE64: RURAL | AF64: N | AG64: N | AH64: N | AJ64: DARK (NOT LIGHTED) | AK64: CLEAR | AL64: DRY | AN64: NO JUNCTION INVOLVED | AP64: ASPHALT | AQ64: ANIMAL/OBJECT IN ROADWAY | AR64: $2501 TO $5000 | AS64: COLLISION WITH ANIMAL OTHER | AT64: Y | AU64: N | AV64: SR14CR500E | AW64: 0 | AY64: On Sunday, December 8, 2024 at 18:50 arrived on scene of a car deer accident. Vehicle was travel west on State Road 14 when it struck a deer near county road 500 East. Male driver drove the vehicle to his residence in Rochester.
A65: 904644989 | B65: FULTON | C65: HENRY | D65: ATHENS | E65: 45635 | F65: 0.73333333 | G65: 1 | I65: 0 | J65: 0 | K65: 1 | M65: SR 14 | R65: SR 14 | S65: CR 700 E | W65: N | Y65: 0 | AA65: 41.049347 | AB65: -86.110672 | AC65: STATE ROAD | AE65: RURAL | AF65: N | AG65: N | AH65: N | AJ65: DAWN/DUSK | AK65: CLEAR | AL65: DRY | AN65: NO JUNCTION INVOLVED | AP65: ASPHALT | AQ65: ANIMAL/OBJECT IN ROADWAY | AR65: $1001 TO $2500 | AS65: COLLISION WITH DEER | AT65: Y | AU65: N | AV65: SR14CR700E | AW65: 0 | AY65: On Monday, December 9, 2024 at 17:36, Miller, Abbigayle responded to a crash on SR 14 at the intersection of CR 700 E and the road surface was Dry.Vehicle 1, Gray Gmc Yukon Xl, Maintaining path of travel. V1 was traveling west on SR 14 near CR 700 E when a deer entered the roadway. D1 was unable to avoid the deer and hit it causing front end damage. The vehicle was drivable.
A66: 904639598 | B66: FULTON | C66: HENRY | D66: AKRON | E66: 45647 | F66: 0.76319444 | G66: 1 | I66: 0 | J66: 0 | K66: 1 | M66: SR14 | R66: SR14 | U66: 888.1 | W66: N | Y66: 0 | AA66: 41.047564 | AB66: -86.098416 | AC66: STATE ROAD | AE66: RURAL | AF66: N | AG66: N | AH66: N | AJ66: DARK (NOT LIGHTED) | AK66: CLEAR | AL66: DRY | AN66: NO JUNCTION INVOLVED | AP66: ASPHALT | AQ66: ANIMAL/OBJECT IN ROADWAY | AR66: $5001 TO $10000 | AS66: COLLISION WITH DEER | AT66: Y | AU66: Y | AV66: SR148881 | AW66: 0 | AY66: This investigation occurred on December 21, 2024 at 1826 HRS.SR14 is 2 lanes wide 2 way state road. The conditions were clear, the roadway was dry, and traffic was light at time of the collision.V1 was traveling east on SR14 at 7881 E SR14. V1 struck a deer in the the roadway. V1 received moderate front end damage.V1 was towed due to disabling damage by Tony's Citywide Towing. There were no injuries reported as a result of the accident.D1 stated that she was traveling east on SR14 when a deer entered the roadway from north to south.Physical evidence on scene as well as on V1 show that V1 was traveling east on SR14 when she impacted a deer near 7881 E SR14.

Sheet Target Individual Records
A1: Master_Record_Number | B1: Vehicle Number | C1: Person Number | D1: Person Type | E1: Position in Vehicle | F1: Ejection Trapped | G1: Safety Equipment Used | H1: Safety Equipment Effective? | I1: Injury Status | J1: Nature of Injury | K1: Location of Injury | L1: Test Given | M1: Test Results | N1: Drugs? | O1: EMS Number | P1: YEAR
A2: 903960099 | B2: 1 | C2: 1 | D2: DRIVER | E2: FRONT LEFT | F2: NOT EJECTED OR TRAPPED | G2: MULTI-POINT HARNESS | H2: Y | L2: NONE | P2: 2022
A3: 903960099 | B3: 1 | C3: 2 | D3: OWNER VEHICLE | P3: 2022
A4: 903960099 | B4: 1 | C4: 3 | D4: OWNER TRAILER | P4: 2022
A5: 903960115 | B5: 1 | C5: 1 | D5: DRIVER | E5: FRONT LEFT | F5: NOT EJECTED OR TRAPPED | G5: UNKNOWN | H5: X | L5: NONE | P5: 2022
A6: 903960115 | B6: 1 | C6: 2 | D6: OWNER VEHICLE | P6: 2022
A7: 903960115 | B7: 1 | C7: 3 | D7: OWNER TRAILER | P7: 2022
A8: 903980173 | B8: 1 | C8: 1 | D8: DRIVER | E8: FRONT LEFT | F8: NOT EJECTED OR TRAPPED | G8: LAP BELT,SHOULDER BELT | H8: Y | L8: NONE | P8: 2022
A9: 903980173 | B9: 1 | C9: 2 | D9: OWNER VEHICLE | P9: 2022
A10: 903980173 | B10: 1 | C10: 3 | D10: OWNER TRAILER | P10: 2022
A11: 904016240 | B11: 1 | C11: 1 | D11: DRIVER | E11: FRONT LEFT | F11: NOT EJECTED OR TRAPPED | G11: LAP BELT,SHOULDER BELT | L11: NONE | P11: 2022
A12: 904016240 | B12: 1 | C12: 2 | D12: OWNER VEHICLE | P12: 2022
A13: 904016240 | B13: 1 | C13: 3 | D13: OWNER TRAILER | P13: 2022
A14: 904024718 | B14: 1 | C14: 1 | D14: DRIVER | E14: FRONT LEFT | F14: NOT EJECTED OR TRAPPED | G14: LAP BELT,SHOULDER BELT | H14: Y | L14: NONE | P14: 2022
A15: 904024718 | B15: 1 | C15: 2 | D15: OWNER VEHICLE | P15: 2022
A16: 904024718 | B16: 1 | C16: 3 | D16: OWNER TRAILER | P16: 2022
A17: 904024718 | B17: 2 | C17: 1 | D17: DRIVER | E17: FRONT LEFT | F17: NOT EJECTED OR TRAPPED | G17: LAP BELT,SHOULDER BELT | H17: Y | L17: NONE | P17: 2022
A18: 904024718 | B18: 2 | C18: 2 | D18: OWNER VEHICLE | P18: 2022
A19: 904024718 | B19: 2 | C19: 3 | D19: OWNER TRAILER | P19: 2022
A20: 904030727 | B20: 1 | C20: 1 | D20: DRIVER | E20: FRONT LEFT | F20: NOT EJECTED OR TRAPPED | G20: UNKNOWN | H20: X | L20: NONE | P20: 2022
A21: 904030727 | B21: 1 | C21: 2 | D21: OWNER VEHICLE | P21: 2022
A22: 904030727 | B22: 1 | C22: 3 | D22: OWNER TRAILER | P22: 2022
A23: 904030727 | B23: 2 | C23: 1 | D23: DRIVER | P23: 2022
A24: 904030727 | B24: 2 | C24: 2 | D24: OWNER VEHICLE | P24: 2022
A25: 904030727 | B25: 2 | C25: 3 | D25: OWNER TRAILER | P25: 2022
A26: 904051798 | B26: 1 | C26: 1 | D26: DRIVER | E26: FRONT LEFT | F26: NOT EJECTED OR TRAPPED | G26: AIRBAG DEPLOYED,LAP BELT,SHOULDER BELT | H26: Y | I26: NON-INCAPACITATING | J26: COMPLAINT OF PAIN | K26: HEAD | L26: NONE | P26: 2022
A27: 904051798 | B27: 1 | C27: 2 | D27: OWNER VEHICLE | P27: 2022
A28: 904051798 | B28: 1 | C28: 3 | D28: OWNER TRAILER | P28: 2022
A29: 904090957 | B29: 1 | C29: 1 | D29: DRIVER | E29: FRONT LEFT | F29: NOT EJECTED OR TRAPPED | G29: AIRBAG DEPLOYED | H29: Y | L29: NONE | P29: 2022
A30: 904090957 | B30: 1 | C30: 2 | D30: OWNER VEHICLE | P30: 2022
A31: 904090957 | B31: 1 | C31: 3 | D31: OWNER TRAILER | P31: 2022
A32: 904098101 | B32: 1 | C32: 1 | D32: DRIVER | E32: FRONT LEFT | F32: NOT EJECTED OR TRAPPED | G32: UNKNOWN | H32: X | L32: NONE | P32: 2022
A33: 904098101 | B33: 1 | C33: 2 | D33: OWNER VEHICLE | P33: 2022
A34: 904098101 | B34: 1 | C34: 3 | D34: OWNER TRAILER | P34: 2022
A35: 904098101 | B35: 2 | C35: 1 | D35: DRIVER | E35: FRONT LEFT | F35: NOT EJECTED OR TRAPPED | G35: SHOULDER BELT | H35: Y | L35: NONE | P35: 2022
A36: 904098101 | B36: 2 | C36: 2 | D36: OWNER VEHICLE | P36: 2022
A37: 904098101 | B37: 2 | C37: 3 | D37: OWNER TRAILER | P37: 2022
A38: 904118112 | B38: 1 | C38: 1 | D38: DRIVER | E38: FRONT LEFT | F38: TRAPPED IN | G38: AIRBAG DEPLOYED,LAP BELT,SHOULDER BELT | H38: Y | I38: INCAPACITATING | J38: INTERNAL | K38: ENTIRE BODY | L38: NONE | O38: 0457 | P38: 2022
A39: 904118112 | B39: 1 | C39: 2 | D39: OWNER VEHICLE | P39: 2022
A40: 904118112 | B40: 1 | C40: 3 | D40: OWNER TRAILER | P40: 2022
A41: 904135408 | B41: 1 | C41: 1 | D41: DRIVER | E41: FRONT LEFT | F41: NOT EJECTED OR TRAPPED | G41: LAP BELT,SHOULDER BELT | H41: Y | L41: NONE | P41: 2022
A42: 904135408 | B42: 1 | C42: 2 | D42: OWNER VEHICLE | P42: 2022
A43: 904135408 | B43: 1 | C43: 3 | D43: OWNER TRAILER | P43: 2022
A44: 904135408 | B44: 2 | C44: 1 | D44: DRIVER | E44: FRONT LEFT | P44: 2022
A45: 904135408 | B45: 2 | C45: 2 | D45: OWNER VEHICLE | P45: 2022
A46: 904135408 | B46: 2 | C46: 3 | D46: OWNER TRAILER | P46: 2022
A47: 904137984 | B47: 1 | C47: 1 | D47: DRIVER | E47: FRONT LEFT | F47: NOT EJECTED OR TRAPPED | G47: LAP BELT,SHOULDER BELT | H47: Y | L47: NONE | P47: 2022
A48: 904137984 | B48: 1 | C48: 2 | D48: OWNER VEHICLE | P48: 2022
A49: 904137984 | B49: 1 | C49: 3 | D49: OWNER TRAILER | P49: 2022
A50: 904137984 | B50: 2 | C50: 1 | D50: DRIVER | E50: FRONT LEFT | F50: NOT EJECTED OR TRAPPED | G50: LAP BELT,SHOULDER BELT | H50: Y | L50: NONE | P50: 2022
A51: 904137984 | B51: 2 | C51: 2 | D51: OWNER VEHICLE | P51: 2022
A52: 904137984 | B52: 2 | C52: 3 | D52: OWNER TRAILER | P52: 2022
A53: 904143902 | B53: 1 | C53: 1 | D53: DRIVER | E53: FRONT LEFT | F53: NOT EJECTED OR TRAPPED | G53: NONE | H53: Y | L53: NONE | P53: 2022
A54: 904143902 | B54: 1 | C54: 2 | D54: OWNER VEHICLE | P54: 2022
A55: 904143902 | B55: 1 | C55: 3 | D55: OWNER TRAILER | P55: 2022
A56: 904150285 | B56: 1 | C56: 1 | D56: DRIVER | E56: FRONT LEFT | F56: NOT EJECTED OR TRAPPED | G56: AIRBAG DEPLOYED | H56: Y | I56: REFUSED | J56: FRACTURE/DISLOCATION | K56: FACE | L56: NONE | P56: 2022
A57: 904150285 | B57: 1 | C57: 2 | D57: OWNER VEHICLE | P57: 2022
A58: 904150285 | B58: 1 | C58: 3 | D58: OWNER TRAILER | P58: 2022
A59: 904157284 | B59: 1 | C59: 1 | D59: DRIVER | E59: FRONT LEFT | F59: NOT EJECTED OR TRAPPED | G59: UNKNOWN | H59: X | L59: NONE | P59: 2022
A60: 904157284 | B60: 1 | C60: 2 | D60: OWNER VEHICLE | P60: 2022
A61: 904157284 | B61: 1 | C61: 3 | D61: OWNER TRAILER | P61: 2022
A62: 904167434 | B62: 1 | C62: 1 | D62: DRIVER | E62: FRONT LEFT | F62: NOT EJECTED OR TRAPPED | G62: SHOULDER BELT | H62: Y | L62: NONE | P62: 2022
A63: 904167434 | B63: 1 | C63: 2 | D63: OWNER VEHICLE | P63: 2022
A64: 904167434 | B64: 1 | C64: 3 | D64: OWNER TRAILER | P64: 2022
A65: 904167434 | B65: 2 | C65: 1 | D65: DRIVER | E65: FRONT LEFT | F65: NOT EJECTED OR TRAPPED | G65: SHOULDER BELT | H65: Y | L65: NONE | P65: 2022
A66: 904167434 | B66: 2 | C66: 2 | D66: OWNER VEHICLE | P66: 2022
A67: 904167434 | B67: 2 | C67: 3 | D67: OWNER TRAILER | P67: 2022
A68: 904167440 | B68: 1 | C68: 1 | D68: DRIVER | E68: FRONT LEFT | F68: NOT EJECTED OR TRAPPED | G68: UNKNOWN | H68: Y | L68: NONE | P68: 2022
A69: 904167440 | B69: 1 | C69: 2 | D69: OWNER VEHICLE | P69: 2022
A70: 904167440 | B70: 1 | C70: 3 | D70: OWNER TRAILER | P70: 2022
A71: 904188370 | B71: 1 | C71: 1 | D71: DRIVER | E71: FRONT LEFT | F71: NOT EJECTED OR TRAPPED | G71: LAP BELT,SHOULDER BELT | H71: Y | L71: NONE | P71: 2022
A72: 904188370 | B72: 1 | C72: 2 | D72: OWNER VEHICLE | P72: 2022
A73: 904188370 | B73: 1 | C73: 3 | D73: OWNER TRAILER | P73: 2022
A74: 904188370 | B74: 2 | C74: 1 | D74: DRIVER | E74: FRONT LEFT | P74: 2022
A75: 904188370 | B75: 2 | C75: 2 | D75: OWNER VEHICLE | P75: 2022
A76: 904188370 | B76: 2 | C76: 3 | D76: OWNER TRAILER | P76: 2022
A77: 904195376 | B77: 1 | C77: 1 | D77: DRIVER | E77: FRONT LEFT | F77: NOT EJECTED OR TRAPPED | G77: UNKNOWN | L77: ALCOHOL | P77: 2022
A78: 904195376 | B78: 1 | C78: 2 | D78: OWNER VEHICLE | P78: 2022
A79: 904206526 | B79: 1 | C79: 1 | D79: DRIVER | E79: FRONT LEFT | F79: NOT EJECTED OR TRAPPED | G79: LAP BELT,SHOULDER BELT | H79: Y | L79: NONE | P79: 2023
A80: 904206526 | B80: 1 | C80: 2 | D80: OWNER VEHICLE | P80: 2023
A81: 904206526 | B81: 1 | C81: 3 | D81: OWNER TRAILER | P81: 2023
A82: 904209741 | B82: 1 | C82: 1 | D82: DRIVER | E82: FRONT LEFT | F82: NOT EJECTED OR TRAPPED | G82: MULTI-POINT HARNESS | H82: Y | L82: NONE | P82: 2023
A83: 904209741 | B83: 1 | C83: 2 | D83: OWNER VEHICLE | P83: 2023
A84: 904209741 | B84: 1 | C84: 3 | D84: OWNER TRAILER | P84: 2023
A85: 904209741 | B85: 2 | C85: 1 | D85: DRIVER | E85: FRONT LEFT | F85: NOT EJECTED OR TRAPPED | G85: MULTI-POINT HARNESS | H85: Y | L85: NONE | P85: 2023
A86: 904209741 | B86: 2 | C86: 2 | D86: OWNER VEHICLE | P86: 2023
A87: 904209741 | B87: 2 | C87: 3 | D87: OWNER TRAILER | P87: 2023
A88: 904211422 | B88: 1 | C88: 1 | D88: DRIVER | E88: FRONT LEFT | F88: NOT EJECTED OR TRAPPED | G88: LAP BELT,SHOULDER BELT | H88: Y | L88: NONE | P88: 2023
A89: 904211422 | B89: 1 | C89: 2 | D89: OWNER VEHICLE | P89: 2023
A90: 904211422 | B90: 1 | C90: 3 | D90: OWNER TRAILER | P90: 2023
A91: 904213223 | B91: 1 | C91: 1 | D91: DRIVER | E91: FRONT LEFT | F91: NOT EJECTED OR TRAPPED | G91: LAP BELT,SHOULDER BELT | H91: Y | L91: NONE | P91: 2023
A92: 904213223 | B92: 1 | C92: 2 | D92: OWNER VEHICLE | P92: 2023
A93: 904213223 | B93: 1 | C93: 3 | D93: OWNER TRAILER | P93: 2023
A94: 904221599 | B94: 1 | C94: 1 | D94: DRIVER | E94: FRONT LEFT | F94: NOT EJECTED OR TRAPPED | G94: LAP BELT,SHOULDER BELT | L94: NONE | P94: 2023
A95: 904221599 | B95: 1 | C95: 2 | D95: OWNER VEHICLE | P95: 2023
A96: 904221599 | B96: 1 | C96: 3 | D96: OWNER TRAILER | P96: 2023
A97: 904228947 | B97: 1 | C97: 1 | D97: DRIVER | E97: FRONT LEFT | F97: NOT EJECTED OR TRAPPED | G97: SHOULDER BELT | H97: Y | L97: NONE | P97: 2023
A98: 904228947 | B98: 1 | C98: 2 | D98: OWNER VEHICLE | P98: 2023
A99: 904228947 | B99: 1 | C99: 3 | D99: OWNER TRAILER | P99: 2023
A100: 904228947 | B100: 2 | C100: 1 | D100: DRIVER | E100: FRONT LEFT | F100: NOT EJECTED OR TRAPPED | G100: SHOULDER BELT | H100: Y | L100: NONE | P100: 2023
...

Sheet Data Filtered By Asset
A1: Master_Record_Number | B1: Roadway_Name | C1: Roadway_Number | D1: Crash Severity Calc. | E1: Construction | F1: Corporate | G1: County | H1: Damage | I1: Light_Cond | J1: Locality | K1: Primary_Factor | L1: Manner_of_Collision | M1: Roadway_Class | N1: Junction | O1: Road_Surf | P1: Rumble_Strips | Q1: School_Zone | R1: Surface | S1: Weather | T1: DateTime | U1: Latitude | V1: Longitude | W1: Number_Injured | X1: Number_Dead | Y1: Number_Deer | Z1: Trailers_Involved | AA1: Vehicles_Involved | AB1: Narrative | AC1: Max. Image URL | AD1: INDOT_Hwy_Ind_1 | AE1: INDOT_Hwy_Ind_2 | AF1: INDOT_Hwy_Ind_3 | AG1: INDOT_Hwy_Ind_4 | AH1: INDOT_Hwy_Ind_5 | AI1: Radius | AJ1: Distance_To_Hwy | AK1: Route_Name | AL1: Alt_Rte_Nm | AM1: Toll_Rte | AN1: PK | AO1: Dist_To_PK | AP1: buffer_dist_NBI | AQ1: bridge | AR1: buffer_dist_Lg_C | AS1: culvert_lg | AT1: buffer_dist_Sm_C | AU1: culvert_sm | AV1: buffer_dist_Int | AW1: intersect1 | AX1: intersect2 | AY1: Intersection | AZ1: buffer_dist_RR | BA1: RR_crossing
A2: 904206526 | B2: STATE RD 14 | D2: No Injury | E2: N | F2: N | G2: FULTON | H2: $2501 TO $5000 | I2: Dawn/Dusk | J2: RURAL | K2: ANIMAL/OBJECT IN ROADWAY | L2: Collision with Animal (Including Deer) | M2: STATE ROAD | N2: NO JUNCTION INVOLVED | O2: ASPHALT | P2: N | Q2: N | R2: On Dry Pavement | S2: Cloudy | T2: 44941.337 | U2: 41.038991 | V2: -86.03713 | W2: 0 | X2: 0 | Y2: 1 | Z2: 0 | AA2: 1 | AB2: V1 WAS TRAVELING EAST ON SR 14. THE DRIVER STATED A DEER RAN INTO THE ROADWAY AND HE COLLIDED WITH IT. V1 CAME TO REST ON THE SOUTH SIDE OF THE ROAD FACING EAST. I WAS UNABLE TO LOCATE THE DEER. | AC2: https://intapps.indot.in.gov/ariesimages/90420/904206526-10004717796.jpg | AD2: N | AE2: N | AF2: Y | AG2: Y | AH2: Y | AI2: 2000 | AJ2: 7.435519734192781 | AK2: SR 14 | AL2: <NA> | AM2: No | AN2: 40250 | AO2: 7.435519733136516 | AP2: 99999 | AQ2: 0 | AR2: 99999 | AS2: 0 | AT2: 16.95418219592848 | AU2: CLV-75048 | AV2: 99999 | AZ2: 99999 | BA2: 0
A3: 904209741 | B3: STATE RD 14 | D3: No Injury | E3: N | F3: N | G3: FULTON | H3: $5001 TO $10000 | I3: Daylight | J3: RURAL | K3: FOLLOWING TOO CLOSELY | L3: Rear End | M3: STATE ROAD | N3: T-INTERSECTION | O3: ASPHALT | P3: N | Q3: N | R3: On Wet Pavement | S3: Snow or Sleet | T3: 44946.444 | U3: 41.038934 | V3: -86.07591 | W3: 0 | X3: 0 | Y3: 0 | Z3: 0 | AA3: 2 | AB3: V1 and V2 were both westbound on state road 14 near county road 900 E. D2 started slowing down because of a vehicle in front of him slowing to make the turn onto county road 900 E. D1 was behind V2 and stated that he was reaching for a water bottle and did not notice that V2 was slowing down. V1 ran into the back end of V2. V1 had damage to the front end and it was not drivable, V2 had minor damage to the rear bumper and was able to drive from the scene. | AC3: https://intapps.indot.in.gov/ariesimages/90420/904209741-10004721557.jpg | AD3: N | AE3: N | AF3: Y | AG3: Y | AH3: Y | AI3: 2000 | AJ3: 18.49907003056302 | AK3: SR 14 | AL3: <NA> | AM3: No | AN3: 40250 | AO3: 18.499070031646852 | AP3: 99999 | AQ3: 0 | AR3: 188.85878722081054 | AS3: 93004313 | AT3: 99999 | AU3: 0 | AV3: 118.02450923081855 | AW3: SR 14 | AX3: 900 E | AY3: SR 14 | 900 E | AZ3: 99999 | BA3: 0
A4: 904213223 | B4: STATE RD 14 | D4: No Injury | E4: N | F4: N | G4: FULTON | H4: $5001 TO $10000 | I4: Dawn/Dusk | J4: RURAL | K4: SPEED TOO FAST FOR WEATHER CONDITIONS | L4: Ran Off Road | M4: STATE ROAD | N4: NO JUNCTION INVOLVED | O4: ASPHALT | P4: N | Q4: N | R4: On Snowy or Icy Pavement | S4: Snow or Sleet | T4: 44949.312 | U4: 41.047424 | V4: -86.102909 | W4: 0 | X4: 0 | Y4: 0 | Z4: 0 | AA4: 1 | AB4: V1 WAS TRAVELING EAST ON SR 14. THE DRIVER STATED THAT HE TRIED TO PASS A VEHICLE IN FRONT OF HIM BUT LOST CONTROL DUE TO THE ICY ROAD. V1 THEN LEFT THE ROADWAY AND DOWN A SMALL EMBANKMENT. V1 THEN ROLLED OVER ONTO THE PASSENGER SIDE AND CAME TO REST FACING SOUTH. | AC4: https://intapps.indot.in.gov/ariesimages/90421/904213223-10004728282.jpg | AD4: N | AE4: N | AF4: Y | AG4: Y | AH4: Y | AI4: 2000 | AJ4: 4.929921318242123 | AK4: SR 14 | AL4: <NA> | AM4: No | AN4: 40250 | AO4: 4.929921318370589 | AP4: 99999 | AQ4: 0 | AR4: 99999 | AS4: 0 | AT4: 99999 | AU4: 0 | AV4: 203.05012659342358 | AW4: SR 14 | AX4: S 775 E 2 | AY4: SR 14 | S 775 E 2 | AZ4: 99999 | BA4: 0
A5: 904211422 | B5: STATE RD 14 | D5: No Injury | E5: N | F5: N | G5: FULTON | H5: $2501 TO $5000 | I5: Daylight | J5: URBAN | K5: SPEED TOO FAST FOR WEATHER CONDITIONS | L5: Ran Off Road | M5: STATE ROAD | N5: FOUR-WAY INTERSECTION | O5: ASPHALT | P5: N | Q5: N | R5: On Snowy or Icy Pavement | S5: Cloudy | T5: 44949.333 | U5: 41.038703 | V5: -86.04265 | W5: 0 | X5: 0 | Y5: 0 | Z5: 0 | AA5: 1 | AB5: On Monday, January 23, 2023 at 08:00, Jolley, Larry responded to a crash on SR 14 at 1075 E. At the time of the crash, the weather was Cloudy and the road surface was Ice.Vehicle 1, Gray Chrysler Lhs, Run off road right. D1 advised he was traveling east on SR 14 when the vehicle began to slide. D1 advised he left the roadway and collided with a cement culvert. v1 came to rest off of the roadway facing NW.{Conclusion} Cause of crash- Speed to fast for the road conditions. | AC5: https://intapps.indot.in.gov/ariesimages/90421/904211422-10004724521.jpg | AD5: N | AE5: N | AF5: Y | AG5: Y | AH5: Y | AI5: 2000 | AJ5: 3.0602119476824896 | AK5: SR 14 | AL5: <NA> | AM5: No | AN5: 40250 | AO5: 2.5120403278085632 | AP5: 99999 | AQ5: 0 | AR5: 99999 | AS5: 0 | AT5: 266.12068967926285 | AU5: CLV-75047 | AV5: 19.211438430910512 | AW5: SR 14 | AX5: S 1075 E | AY5: SR 14 | S 1075 E | AZ5: 99999 | BA5: 0
A6: 904221599 | B6: SR 14 | D6: No Injury | E6: N | F6: N | G6: FULTON | H6: $10001 TO $25000 | I6: Dark (Lighted or Unlighted) | J6: RURAL | K6: ANIMAL/OBJECT IN ROADWAY | L6: Collision with Animal (Including Deer) | N6: NO JUNCTION INVOLVED | O6: ASPHALT | P6: N | Q6: N | R6: On Dry Pavement | S6: Clear | T6: 44960.817 | U6: 41.056373 | V6: -86.161949 | W6: 0 | X6: 0 | Y6: 1 | Z6: 0 | AA6: 1 | AB6: V1 was heading eastbound on State Road 114 when a deer was going northbound and collided with V1. | AC6: https://intapps.indot.in.gov/ariesimages/90422/904221599-10004746208.jpg | AD6: N | AE6: Y | AF6: Y | AG6: Y | AH6: N | AI6: 2000 | AJ6: 20.199632799792823 | AK6: SR 14 | AL6: <NA> | AM6: No | AN6: 40250 | AO6: 20.199632797635104 | AP6: 99999 | AQ6: 0 | AR6: 99999 | AS6: 0 | AT6: 99999 | AU6: 0 | AV6: 99999 | AZ6: 99999 | BA6: 0
A7: 904228947 | B7: BESSMORE PARK ROAD | D7: No Injury | E7: N | F7: Y | G7: FULTON | H7: $2501 TO $5000 | I7: Daylight | J7: URBAN | K7: UNSAFE BACKING | L7: Backing Crash | M7: LOCAL/CITY ROAD | N7: FOUR-WAY INTERSECTION | O7: ASPHALT | P7: N | Q7: N | R7: On Dry Pavement | S7: Clear | T7: 44974.332 | U7: 41.057904 | V7: -86.168724 | W7: 0 | X7: 0 | Y7: 0 | Z7: 0 | AA7: 2 | AB7: On Friday, February 17, 2023 at 07:58, Haines, Ed responded to a crash on Bessmore Park Road at intersection the of State Road 14 and the road surface was Dry.Vehicle 1, Black Ford Ranger, Backing. Vehicle 2, Black Ford Fusion, Slowing or stopped in traffic. D1 stated that he was at the stop sign at SR 14 and Bessmore Park Road. He stated that he felt like he was too close to the intersection and started to back up his vehicle and did not see V2 behind him due to the frost that morning and the glare from the morning sun. V1 backed in to V2D2 stated that she was waiting stopped behind V1 and that V1 backed in to her vehicle for no apparent reason. Both vehicles were at the intersection of State Road 14 and Bessmore Park Road northbound waiting to turn westbound on State Road 14 prior to the collision. | AC7: https://intapps.indot.in.gov/ariesimages/90422/904228947-10004761894.jpg | AD7: N | AE7: N | AF7: Y | AG7: Y | AH7: N | AI7: 2000 | AJ7: 34.97550571115616 | AK7: SR 14 | AL7: <NA> | AM7: No | AN7: 40250 | AO7: 35.94383746096332 | AP7: 99999 | AQ7: 0 | AR7: 99999 | AS7: 0 | AT7: 114.37692643466292 | AU7: CLV-75031 | AV7: 45.11945871508001 | AW7: SR 14 | AX7: BESSMORE PARK RD | AY7: SR 14 | BESSMORE PARK RD | AZ7: 99999 | BA7: 0
A8: 904234750 | C8: 14 | D8: Incapacitating | E8: N | F8: N | G8: FULTON | H8: $10001 TO $25000 | I8: Dark (Lighted or Unlighted) | J8: RURAL | K8: DRIVER ILLNESS | L8: Ran Off Road | M8: STATE ROAD | N8: NO JUNCTION INVOLVED | O8: ASPHALT | P8: N | Q8: N | R8: On Dry Pavement | S8: Clear | T8: 44985.881 | U8: 41.046884 | V8: -86.095221 | W8: 1 | X8: 0 | Y8: 0 | Z8: 0 | AA8: 1 | AB8: On February 28th, 2023, I responded to a single vehicle crash near State Road 14 and County Road 800 East. When I arrived, I observed a vehicle that had struck a tree and suffered heavy damage. The tree belongs to 583 South County Road 800 East. Driver 1 stated she had potassium issues prior this same day, and does not remember going off the roadway or crashing. Driver 1 was transported by EMS to a trauma center. Driver 1's brother arrived on scene and provided me with Vehicle 1's insurance information. Vehicle 1 went off the roadway a few hundred yards east of County Road 800 East when it was traveling Eastbound on State Road 14. I observed Vehicle 1's tire marks where it left the roadway and drove through the field. Vehicle 1 then crossed County Road 800 East, went through a wire fence, and struck a tree. I would like to note that there were no tire marks on the road, nor were there any skid marks leading up to the tree. Deputy Ryan UtterFulton County Sheriff's Office | AC8: https://intapps.indot.in.gov/ariesimages/90423/904234750-10004774345.jpg | AD8: Y | AE8: N | AF8: Y | AG8: Y | AH8: Y | AI8: 2000 | AJ8: 220.65174487891557 | AK8: SR 14 | AL8: <NA> | AM8: No | AN8: 40250 | AO8: 115.63488493274008 | AP8: 99999 | AQ8: 0 | AR8: 99999 | AS8: 0 | AT8: 99999 | AU8: 0 | AV8: 234.95418318174939 | AW8: SR 14 | AX8: S 775 E | AY8: SR 14 | S 775 E | AZ8: 99999 | BA8: 0
A9: 904234777 | B9: EAST STATE ROAD 14 | D9: No Injury | E9: N | F9: N | G9: FULTON | H9: $2501 TO $5000 | I9: Daylight | J9: RURAL | K9: SPEED TOO FAST FOR WEATHER CONDITIONS | L9: Ran Off Road | M9: STATE ROAD | N9: NO JUNCTION INVOLVED | O9: ASPHALT | P9: N | Q9: N | R9: On Snowy or Icy Pavement | S9: Snow or Sleet | T9: 44988.73 | U9: 41.038586 | V9: -86.074113 | W9: 0 | X9: 0 | Y9: 0 | Z9: 0 | AA9: 1 | AB9: On March 3rd, 2023 I responded to a single vehicle crash at 9130 East State Road 14. Driver 1 stated he was driving East on State Road 14 when he lost control of his vehicle. Vehicle 1 then left the roadway, and struck a mailbox belonging to 9130 East State Road 14. Vehicle 1 was close to a brick landscaping Colum, however it did not appear Vehicle 1 struck it. I provided owners of the damaged mailbox with this crash number. Tony's City Wide Towing responded to the scene to remove Vehicle 1 off of the mailbox. Vehicle 1 was drivable and not towed away from the scene. Deputy Ryan UtterFulton County Sheriff's Office | AC9: https://intapps.indot.in.gov/ariesimages/90423/904234777-10004774365.jpg | AD9: N | AE9: Y | AF9: Y | AG9: Y | AH9: Y | AI9: 2000 | AJ9: 8.006008424884271 | AK9: SR 14 | AL9: <NA> | AM9: No | AN9: 40250 | AO9: 8.006008424123365 | AP9: 99999 | AQ9: 0 | AR9: 322.82113986376504 | AS9: 93004313 | AT9: 99999 | AU9: 0 | AV9: 627.2892659540503 | AW9: SR 14 | AX9: 900 E | AY9: SR 14 | 900 E | AZ9: 99999 | BA9: 0
A10: 904285597 | C10: 14 | D10: Incapacitating | E10: N | F10: N | G10: FULTON | H10: $2501 TO $5000 | I10: Dark (Lighted or Unlighted) | J10: RURAL | K10: OTHER (DRIVER) - EXPLAIN IN NARRATIVE | L10: Same Direction Sideswipe | M10: STATE ROAD | N10: NO JUNCTION INVOLVED | O10: ASPHALT | P10: N | Q10: N | R10: On Dry Pavement | S10: Clear | T10: 45072.94 | U10: 41.044484 | V10: -86.091035 | W10: 1 | X10: 0 | Y10: 0 | Z10: 0 | AA10: 2 | AB10: On May 26th, 2023, emergency personnel responded to a crash on State Road 14 just east of County Road 800 east. When I arrived on scene I observed a female laying in the roadway with injuries. This female was airlifted by Samaritan due to her injuries. On May 31st, 2023, I spoke to the female passenger who stated she does not remember the crash and couldn't not remember if Vehicle 1 was struck or not. Female passenger also stated she received two stiches in her head, a broken ankle, and road rash as a result of this crash.While on scene, Driver 1 stated he and his friends were traveling East on State Road 14 after coming around a curve in the roadway when he attempted to pass a white in color SUV. I would like to note that this is a "no passing zone" with a solid yellow Eastbound line as well as no passing signs. Driver 1 stated as he passed the SUV and returned to his lane, he observed his rear passenger had "fallen off" his motorcycle. There were multiple other people on scene when I arrived and they are listed in this report as "other participants". All of the other participants stated they did not observe what happened and that there were more people on motorcycles riding with them, however they did not stop. I would like to note that Mr. Scott stated he was not traveling directly with with motorcycle group and that he arrived on scene shortly after the crash happened. Vehicle 1's rear right saddle bag was broke off of the motorcycle. I would like to note that this saddle bag was fiberglass, and pieces were located throughout the scene. Driver 1 stated he had recently purchased Vehicle 1 and did not have insurance on Vehicle 1 or Vehicle 1 registered to him. The Indiana registration plate on Vehicle 1 returned to the previous owner. After standardized field sobriety test, Driver 1 was arrested for operating a motor vehicle while intoxicated with a prior conviction. Driver 1 was also issued a complaint and summons for passing in a no passing zone, and for operating without finical responsibility. Driver 1 had fresh injuries on the rear of his right leg and was checked on by medical staff prior to being lodged at the Fulton County Jail. Later this evening I spoke to Driver 1 who stated he was struck by another motorcycle rider, however he did not know who the other driver was, or what type of motorcycle they were on. This crash report will be considered a "hit and run" due to the new statements made by Driver 1. At this time, I have no suspects or vehicle description other than a motorcycle. The vehicle that reportedly left the scene is listed as Vehicle 2. A criminal case will be completed. I would also like to note that the diagram for this crash is how I observed the scene when I arrived (excluding emergency responders/vehicles).Deputy Ryan UtterFulton County Sheriff's Office | AC10: https://intapps.indot.in.gov/ariesimages/90428/904285597-10004882453.jpg | AD10: Y | AE10: N | AF10: Y | AG10: Y | AH10: Y | AI10: 2000 | AJ10: 12.258477225039314 | AK10: SR 14 | AL10: <NA> | AM10: No | AN10: 40250 | AO10: 12.258477 | AP10: 99999 | AQ10: 0 | AR10: 99999 | AS10: 0 | AT10: 388.0549748439638 | AU10: CLV-75040 | AV10: 99999 | AZ10: 99999 | BA10: 0
A11: 904285593 | B11: ROCHESTER ST | D11: No Injury | E11: N | F11: Y | G11: FULTON | H11: $2501 TO $5000 | I11: Daylight | J11: URBAN | K11: OTHER (DRIVER) - EXPLAIN IN NARRATIVE | L11: Opposite Direction Sideswipe | M11: PRIVATE DRIVE | N11: NO JUNCTION INVOLVED | O11: CONCRETE | P11: N | Q11: N | R11: On Dry Pavement | S11: Clear | T11: 45073.499 | U11: 41.038821 | V11: -86.029583 | W11: 0 | X11: 0 | Y11: 0 | Z11: 0 | AA11: 2 | AB11: D1 was just starting to pull away from a gas pump when she stated that another vehicle was pulling in and she believed it was going to hit her vehicle so she made a sudden move to the right and side swiped the trailer that was next to her at a different gas pump. V2 was parked getting gas, there was no damage to the trailer but V1 had damage down the passenger side. | AC11: https://intapps.indot.in.gov/ariesimages/90428/904285593-10004882448.jpg | AD11: N | AE11: N | AF11: Y | AG11: N | AH11: N | AI11: 2000 | AJ11: 68.71143551883608 | AK11: SR 14 | AL11: <NA> | AM11: No | AN11: 40250 | AO11: 68.71143551915839 | AP11: 99999 | AQ11: 0 | AR11: 99999 | AS11: 0 | AT11: 99999 | AU11: 0 | AV11: 329.3353699086956 | AW11: SR 14 | AX11: SR 19 SB 1 | AY11: SR 14 | SR 19 SB 1 | AZ11: 99999 | BA11: 0
A12: 904285455 | C12: 14 | D12: No Injury | E12: N | F12: N | G12: FULTON | H12: $5001 TO $10000 | I12: Dark (Lighted or Unlighted) | J12: RURAL | K12: ANIMAL/OBJECT IN ROADWAY | L12: Collision with Animal (Including Deer) | M12: STATE ROAD | N12: NO JUNCTION INVOLVED | O12: ASPHALT | P12: N | Q12: N | R12: On Dry Pavement | S12: Cloudy | T12: 45078.233 | U12: 41.05427 | V12: -86.137495 | W12: 0 | X12: 0 | Y12: 1 | Z12: 0 | AA12: 1 | AB12: D1 was eastbound on state road 14 near county road 550 E when a deer entered the roadway. D1 was unable to avoid striking the deer. | AC12: https://intapps.indot.in.gov/ariesimages/90428/904285455-10004882183.jpg | AD12: Y | AE12: N | AF12: Y | AG12: Y | AH12: Y | AI12: 2000 | AJ12: 11.091109556564902 | AK12: SR 14 | AL12: <NA> | AM12: No | AN12: 40250 | AO12: 11.091109554870627 | AP12: 99999 | AQ12: 0 | AR12: 99999 | AS12: 0 | AT12: 60.54969367302344 | AU12: CLV-75034 | AV12: 671.2856635963141 | AW12: SR 14 | AX12: N 525 E | AY12: SR 14 | N 525 E | AZ12: 99999 | BA12: 0
A13: 904296703 | B13: SR 14 | D13: No Injury | E13: N | F13: N | G13: FULTON | H13: $2501 TO $5000 | I13: Dark (Lighted or Unlighted) | J13: RURAL | K13: ANIMAL/OBJECT IN ROADWAY | L13: Collision with Animal (Including Deer) | M13: STATE ROAD | N13: NO JUNCTION INVOLVED | O13: ASPHALT | P13: N | Q13: N | R13: On Dry Pavement | S13: Clear | T13: 45088.17 | U13: 41.054194 | V13: -86.134965 | W13: 0 | X13: 0 | Y13: 1 | Z13: 0 | AA13: 1 | AB13: On Sunday, June 11, 2023 at 04:05, Haney, Ryan responded to a crash on SR 14 at intersection the of 575 E and the road surface was Dry.V1 was traveling east on SR 14 near 575 E when a deer entered the roadway. V1 was unable to avoid the deer and struck it. V1 sustained damage to the entire front end of the vehicle and windshield. | AC13: https://intapps.indot.in.gov/ariesimages/90429/904296703-10004906432.jpg | AD13: N | AE13: Y | AF13: Y | AG13: Y | AH13: Y | AI13: 2000 | AJ13: 29.53438894999772 | AK13: SR 14 | AL13: <NA> | AM13: No | AN13: 40250 | AO13: 29.534388950500897 | AP13: 99999 | AQ13: 0 | AR13: 99999 | AS13: 0 | AT13: 59.916759 | AU13: CLV-75035 | AV13: 38.67103622611019 | AW13: SR 14 | AX13: S 575 E | AY13: SR 14 | S 575 E | AZ13: 99999 | BA13: 0
A14: 904296714 | B14: STATE ROAD 14 | D14: No Injury | E14: N | F14: N | G14: FULTON | H14: $2501 TO $5000 | I14: Daylight | J14: RURAL | K14: OVERCORRECTING/OVERSTEERING | L14: Ran Off Road | M14: STATE ROAD | N14: NO JUNCTION INVOLVED | O14: ASPHALT | P14: N | Q14: N | R14: On Dry Pavement | S14: Clear | T14: 45096.46 | U14: 41.047451 | V14: -86.094813 | W14: 0 | X14: 0 | Y14: 0 | Z14: 0 | AA14: 1 | AB14: On Monday, June 19, 2023 Deputy Mitchell Scott responded to a crash on State Road 14 at intersection the of CR 800 E. Vehicle 1 was traveling west on State Road 14 approaching CR 800 E in the curve. Driver 1 stated his vehicle drives to the right and he had gone off into the gravel on the north side of the roadway. Driver 1 stated he overcorrected and lost control of his vehicle. Driver 1 stated he came back onto the roadway and then off the roadway rolling the vehicle approximately 2 or 3 times according to driver 1. Driver 1 refused on scene medical attention. Witness 1 was sitting at the intersection of CR 800 E and State Road 14. Witness 1 stated vehicle 1 was traveling west on State Road 14 approaching CR 800 E. Witness 1 stated vehicle 1 traveled off the north side of the roadway, overcorrected, and then ran off the north side of the roadway rolling the vehicle. Tony's Citywide Towing took possession of the vehicle. | AC14: https://intapps.indot.in.gov/ariesimages/90429/904296714-10004906458.jpg | AD14: N | AE14: Y | AF14: Y | AG14: Y | AH14: Y | AI14: 2000 | AJ14: 10.681042373463242 | AK14: SR 14 | AL14: <NA> | AM14: No | AN14: 40250 | AO14: 10.681042373265655 | AP14: 99999 | AQ14: 0 | AR14: 99999 | AS14: 0 | AT14: 99999 | AU14: 0 | AV14: 124.03268690041826 | AW14: SR 14 | AX14: S 775 E | AY14: SR 14 | S 775 E | AZ14: 99999 | BA14: 0
A15: 904299524 | B15: ROCHESTER ST | D15: No Injury | E15: N | F15: Y | G15: FULTON | H15: $5001 TO $10000 | I15: Dawn/Dusk | J15: URBAN | K15: UNSAFE BACKING | L15: Backing Crash | N15: NO JUNCTION INVOLVED | O15: ASPHALT | P15: N | Q15: N | R15: On Dry Pavement | S15: Clear | T15: 45101.857 | U15: 41.039047 | V15: -86.028816 | W15: 0 | X15: 0 | Y15: 0 | Z15: 0 | AA15: 2 | AB15: V1 was backing out of the parking space when V1 sideswiped V2. V1 sustained damage ware and V2 sustained damage ware. | AC15: https://intapps.indot.in.gov/ariesimages/90429/904299524-10004912665.jpg | AD15: N | AE15: N | AF15: N | AG15: N | AH15: N | AI15: 2000 | AJ15: 43.16826695707491 | AK15: SR 14 | AL15: <NA> | AM15: No | AN15: 40250 | AO15: 43.168266957350625 | AP15: 99999 | AQ15: 0 | AR15: 99999 | AS15: 0 | AT15: 99999 | AU15: 0 | AV15: 131.91659514971658 | AW15: SR 14 | AX15: SR 19 SB 1 | AY15: SR 14 | SR 19 SB 1 | AZ15: 99999 | BA15: 0
A16: 904320174 | C16: SR14E | D16: No Injury | E16: N | F16: Y | G16: FULTON | H16: $2501 TO $5000 | I16: Daylight | J16: URBAN | K16: IMPROPER TURNING | L16: Same Direction Sideswipe | M16: STATE ROAD | N16: NO JUNCTION INVOLVED | O16: ASPHALT | P16: N | Q16: N | R16: On Dry Pavement | S16: Clear | T16: 45127.493 | U16: 41.038804 | V16: -86.02801 | W16: 0 | X16: 0 | Y16: 0 | Z16: 0 | AA16: 2 | AB16: DRIVER 1 WAS TURNING FROM S.R. 19 NORT ONTO S.R. 14 EAST AND STRUCK UNIT 2 CAUSING DAMAGE TO THE DRIVER SIDE FENDER OF UNIT 2 AND DAMAGE TO THE PASSENGER SIDE FENDER OF UNIT 1 . DRIVER 1 LEFT THE SCENE OF THE ACCIDENT BUT DID COME TO THE AKRON POLICE DEPARTMENT A SHORT TIME LATER AND ADMIT TO THE ACCIDENT . | AC16: https://intapps.indot.in.gov/ariesimages/90432/904320174-10004957024.jpg | AD16: N | AE16: N | AF16: Y | AG16: N | AH16: Y | AI16: 2000 | AJ16: 98.83870886492939 | AK16: SR 14 | AL16: <NA> | AM16: No | AN16: 40250 | AO16: 101.0189331335614 | AP16: 99999 | AQ16: 0 | AR16: 99999 | AS16: 0 | AT16: 99999 | AU16: 0 | AV16: 98.62257554339293 | AW16: SR 14 | AX16: SR 19 1 | AY16: SR 14 | SR 19 1 | AZ16: 99999 | BA16: 0
A17: 904314708 | C17: 14 | D17: No Injury | E17: N | F17: N | G17: FULTON | H17: $5001 TO $10000 | I17: Daylight | J17: RURAL | K17: FOLLOWING TOO CLOSELY | L17: Rear End | M17: STATE ROAD | N17: NO JUNCTION INVOLVED | O17: ASPHALT | P17: N | Q17: N | R17: On Dry Pavement | S17: Clear | T17: 45128.353 | U17: 41.05456 | V17: -86.155308 | W17: 0 | X17: 0 | Y17: 0 | Z17: 0 | AA17: 2 | AB17: V1 and V2 were both westbound on state road 14 near county road 500 E. V1 was following V2, D1 stated that she ran into the rear of V2. D1 was not sure what exactly happened other than she ran into the rear of V2. | AC17: https://intapps.indot.in.gov/ariesimages/90431/904314708-10004945402.jpg | AD17: Y | AE17: N | AF17: Y | AG17: Y | AH17: Y | AI17: 2000 | AJ17: 5.662146312451341 | AK17: SR 14 | AL17: <NA> | AM17: No | AN17: 40250 | AO17: -4.6501424 | AP17: 99999 | AQ17: 0 | AR17: 99999 | AS17: 0 | AT17: 99999 | AU17: 0 | AV17: 99999 | AZ17: 99999 | BA17: 0
A18: 904363515 | B18: SR 14 | D18: No Injury | E18: N | F18: N | G18: FULTON | H18: $2501 TO $5000 | I18: Dark (Lighted or Unlighted) | J18: RURAL | K18: ANIMAL/OBJECT IN ROADWAY | L18: Collision with Animal (Including Deer) | M18: STATE ROAD | N18: NO JUNCTION INVOLVED | O18: ASPHALT | P18: N | Q18: N | R18: On Dry Pavement | S18: Cloudy | T18: 45197.247 | U18: 41.056756 | V18: -86.163826 | W18: 0 | X18: 0 | Y18: 0 | Z18: 0 | AA18: 1 | AB18: V1 WAS TRAVELING EAST ON SR 14. THE DRIVER STATED SEVERAL DEER RAN INTO THE ROAD AND SHE COLLIDED WITH ONE. V1 CAME TO REST ON THE SOUTH SIDE OF THE ROAD FACING EAST | AD18: N | AE18: Y | AF18: Y | AG18: Y | AH18: Y | AI18: 2000 | AJ18: 13.34686693041192 | AK18: SR 14 | AL18: <NA> | AM18: No | AN18: 40250 | AO18: 13.346866928155578 | AP18: 99999 | AQ18: 0 | AR18: 99999 | AS18: 0 | AT18: 99999 | AU18: 0 | AV18: 99999 | AZ18: 99999 | BA18: 0
A19: 904372464 | B19: SR 14 | D19: No Injury | E19: N | F19: N | G19: FULTON | H19: $2501 TO $5000 | I19: Dark (Lighted or Unlighted) | J19: RURAL | K19: ANIMAL/OBJECT IN ROADWAY | L19: Collision with Animal (Including Deer) | M19: STATE ROAD | N19: NO JUNCTION INVOLVED | O19: ASPHALT | P19: N | Q19: N | R19: On Dry Pavement | S19: Cloudy | T19: 45203.865 | U19: 41.047444 | V19: -86.102297 | W19: 0 | X19: 0 | Y19: 1 | Z19: 0 | AA19: 1 | AB19: V1 WAS TRAVELING EAST ON SR 14. THE DRIVER STATED A DEER RAN INTO THE ROADWAY AND HE COLLIDED WITH IT. V1 CAME TO REST ON THE SOUTH SIDE OF THE ROAD FACING EAST. | AC19: https://intapps.indot.in.gov/ariesimages/90437/904372464-10005062262.jpg | AD19: N | AE19: Y | AF19: Y | AG19: Y | AH19: Y | AI19: 2000 | AJ19: 3.6506193231512043 | AK19: SR 14 | AL19: <NA> | AM19: No | AN19: 40250 | AO19: 3.650619322401326 | AP19: 99999 | AQ19: 0 | AR19: 99999 | AS19: 0 | AT19: 99999 | AU19: 0 | AV19: 34.20493140241939 | AW19: SR 14 | AX19: S 775 E 2 | AY19: SR 14 | S 775 E 2 | AZ19: 99999 | BA19: 0
A20: 904390601 | C20: 14 | D20: No Injury | E20: N | F20: N | G20: FULTON | H20: $5001 TO $10000 | I20: Dark (Lighted or Unlighted) | J20: RURAL | K20: ANIMAL/OBJECT IN ROADWAY | L20: Collision with Animal (Including Deer) | M20: STATE ROAD | N20: NO JUNCTION INVOLVED | O20: ASPHALT | P20: N | Q20: N | R20: On Dry Pavement | S20: Clear | T20: 45240.277 | U20: 41.039371 | V20: -86.051936 | W20: 0 | X20: 0 | Y20: 1 | Z20: 0 | AA20: 1 | AB20: D1 was eastbound on state road 14 near county road 1000 E when a deer entered the roadway. D1 was unable to avoid striking the deer. | AC20: https://intapps.indot.in.gov/ariesimages/90439/904390601-10005100266.jpg | AD20: Y | AE20: N | AF20: Y | AG20: Y | AH20: Y | AI20: 2000 | AJ20: 6.737543596470687 | AK20: SR 14 | AL20: <NA> | AM20: No | AN20: 40250 | AO20: 6.737543596079604 | AP20: 99999 | AQ20: 0 | AR20: 99999 | AS20: 0 | AT20: 99999 | AU20: 0 | AV20: 721.4319215388255 | AW20: SR 14 | AX20: ERIE LACKAWANNA RR | AY20: SR 14 | ERIE LACKAWANNA RR | AZ20: 99999 | BA20: 0
A21: 904409231 | B21: STATE ROAD 19 | D21: No Injury | E21: N | F21: Y | G21: FULTON | H21: $1001 TO $2500 | I21: Daylight | J21: URBAN | K21: OTHER (ENVIRONMENTAL) - EXPLAIN IN NARR | L21: Same Direction Sideswipe | M21: STATE ROAD | N21: FOUR-WAY INTERSECTION | O21: ASPHALT | P21: N | Q21: N | R21: On Dry Pavement | S21: Clear | T21: 45261.667 | U21: 41.039076 | V21: -86.028338 | W21: 0 | X21: 0 | Y21: 0 | Z21: 0 | AA21: 2 | AB21: On December 2, 2023 I was dispatched to 104 N Mishawaka Street, Akron, Indiana for a crash report. I arrived and spoke to Ashley Prater who advised sometime the day before, December 1, between the hours of 4 and 5 p.m., her vehicle had been struck by a vehicle that had fled the scene. I observed her vehicle and it had fresh front driver's side damage to the quarter panel that was consistent with a same direction side swipe. Ms. Prater did not have any information about a suspect vehicle and the surveillance videos in the area did not capture the area in question. There are currently no further leads to pursue in regards to locating Vehicle 1, which fled the scene. Information was taken from Ms. Prater for this report to be filed. | AC21: https://intapps.indot.in.gov/ariesimages/90440/904409231-10005139523.jpg | AD21: N | AE21: Y | AF21: Y | AG21: N | AH21: Y | AI21: 2000 | AJ21: 72.17771969523781 | AK21: SR 14 | AL21: <NA> | AM21: No | AN21: 40250 | AO21: 74.206001 | AP21: 99999 | AQ21: 0 | AR21: 99999 | AS21: 0 | AT21: 99999 | AU21: 0 | AV21: 57.87465995199263 | AW21: SR 19 | AX21: SR 14 WB | AY21: SR 19 | SR 14 WB | AZ21: 99999 | BA21: 0
A22: 904413316 | B22: 201 WEST ROCHESTER STREET AKRO | D22: No Injury | E22: N | F22: Y | G22: FULTON | H22: $2501 TO $5000 | I22: Daylight | J22: URBAN | K22: UNSAFE BACKING | L22: Backing Crash | M22: PRIVATE DRIVE | N22: NO JUNCTION INVOLVED | O22: CONCRETE | P22: N | Q22: N | R22: On Dry Pavement | S22: Clear | T22: 45272.469 | U22: 41.03883 | V22: -86.029531 | W22: 0 | X22: 0 | Y22: 0 | Z22: 0 | AA22: 1 | AB22: On Tuesday, December 12, 2023 at 11:15, GEARHART, JUSTIN responded to a crash on LOCATION_OF_CRASH_MISSING and the road surface was Dry.Vehicle 1, Blue Dodge Charger, Backing. {Driver Statements} DRIVER 1 ADVISED SHE WAS BACKING UP IN UNIT 1 A 2013 DODGE CHARGER AND BACKED INTO AN UNOCCUPPIED VEHICLE PARKED AT THE MINI MART THERE WERE NO INJURIES , THE PARKED CAR WAS A RED 2013 CHEVROLET PASSANGER VEHICLE LICENSE PLATE INDIANA 226AYF , VIN KL8CB6S94DC610468{Witness Statements} NONE {Conclusion}DAMAGE TO THE DRIVER SIDE DOORS OF PARKED VEHICLE AND TO THE REAR BUMPER AND DRIVER SIDE REAR OF UNIT 1 | AC22: https://intapps.indot.in.gov/ariesimages/90441/904413316-10005148290.jpg | AD22: N | AE22: N | AF22: Y | AG22: N | AH22: N | AI22: 2000 | AJ22: 63.286394 | AK22: SR 14 | AL22: <NA> | AM22: No | AN22: 40250 | AO22: 63.28639424998755 | AP22: 99999 | AQ22: 0 | AR22: 99999 | AS22: 0 | AT22: 99999 | AU22: 0 | AV22: 314.87590206919884 | AW22: SR 14 | AX22: SR 19 SB 1 | AY22: SR 14 | SR 19 SB 1 | AZ22: 99999 | BA22: 0
A23: 904452080 | B23: STATE ROAD 14 | D23: No Injury | E23: N | F23: N | G23: FULTON | H23: $2501 TO $5000 | I23: Dark (Lighted or Unlighted) | J23: RURAL | K23: ANIMAL/OBJECT IN ROADWAY | L23: Collision with Animal (Including Deer) | M23: STATE ROAD | N23: NO JUNCTION INVOLVED | O23: ASPHALT | P23: N | Q23: N | R23: On Dry Pavement | S23: Clear | T23: 45337.967 | U23: 41.051713 | V23: -86.114363 | W23: 0 | X23: 0 | Y23: 1 | Z23: 0 | AA23: 1 | AB23: On Thursday, February 15, 2024 at approximately 11:12 p.m. I was dispatched to a car/deer collision at State Road 14 and County Road 700 East. I arrived and observed a white Ford SUV with damage consistent with a collision with a deer.I spoke to the driver, Aleesya Shelpman and she advised she was traveling eastbound on State Road 14 when a deer emerged into the roadway from the north and struck her vehicle as she was unable to avoid the collision. I observed damage on the grill and almost the entirety of the driver's side of the vehicle. The vehicle was able to be driven from the scene. A report and photographs were taken and no further events occurred. | AC23: https://intapps.indot.in.gov/ariesimages/90445/904452080-10005227730.jpg | AD23: N | AE23: Y | AF23: Y | AG23: Y | AH23: Y | AI23: 2000 | AJ23: 5.964528599446908 | AK23: SR 14 | AL23: <NA> | AM23: No | AN23: 40250 | AO23: 5.3270909 | AP23: 99999 | AQ23: 0 | AR23: 99999 | AS23: 0 | AT23: 72.46644463614564 | AU23: CLV-75038 | AV23: 8.163762076146211 | AW23: SR 14 | AX23: N 675 E | AY23: SR 14 | N 675 E | AZ23: 99999 | BA23: 0
A24: 904471741 | B24: BESSMORE PARK RD | D24: No Injury | E24: N | F24: Y | G24: FULTON | H24: $5001 TO $10000 | I24: Dawn/Dusk | J24: URBAN | K24: LEFT OF CENTER | L24: Left Turn, Right Turn or Angle | M24: LOCAL/CITY ROAD | N24: FOUR-WAY INTERSECTION | O24: ASPHALT | P24: N | Q24: N | R24: On Dry Pavement | S24: Clear | T24: 45348.278 | U24: 41.057977 | V24: -86.168729 | W24: 0 | X24: 0 | Y24: 0 | Z24: 0 | AA24: 2 | AB24: On Monday, February 26, 2024 at 06:40, MICHAEL, BRYCE responded to a crash on Bessmore Park Rd at the intersection of E SR 14 and the road surface was Dry.Vehicle 1, Silver\Aluminum Buick Lucerne, Turning right. Vehicle 2, Red Chrysler 200, Going straight. Driver of V1 stated he was turn south off of SR 14 and thought he took the turn sharp but guessed he didn't. That's when he saw V2 and tried to avoid the collision. At this time, that's when driver of V1 struck the rear end of V2. Driver of V2 stated she had turned off of Barrett Rd and north onto Bessmore Park Rd. While on Bessmore Park Rd, this is when V1 collided with V2. Photographs were taken on scene. I have nothing further at this time. | AC24: https://intapps.indot.in.gov/ariesimages/90447/904471741-10005264334.jpg | AD24: N | AE24: N | AF24: Y | AG24: N | AH24: N | AI24: 2000 | AJ24: 13.326359228897786 | AK24: SR 14 | AL24: <NA> | AM24: No | AN24: 40250 | AO24: 15.075827956165767 | AP24: 99999 | AQ24: 0 | AR24: 99999 | AS24: 0 | AT24: 128.87787425606794 | AU24: CLV-75031 | AV24: 18.69809262771314 | AW24: SR 14 | AX24: BESSMORE PARK RD | AY24: SR 14 | BESSMORE PARK RD | AZ24: 99999 | BA24: 0
A25: 904465446 | B25: 10915 E | D25: Non-incapacitating | E25: N | F25: N | G25: FULTON | H25: $25001 TO $50000 | I25: Daylight | J25: RURAL | K25: LEFT OF CENTER | L25: Opposite Direction Sideswipe | N25: NO JUNCTION INVOLVED | O25: ASPHALT | P25: Y | Q25: N | R25: On Dry Pavement | S25: Clear | T25: 45353.528 | U25: 41.038915 | V25: -86.038561 | W25: 5 | X25: 0 | Y25: 0 | Z25: 0 | AA25: 2 | AB25: On Saturday, March 2, 2024 at 12:40, I responded to a crash near 10915 E ST RD 14 and the road surface was Dry.Vehicle 1, Maroon\Burgundy (purple) Buick Regal, was traveling West on State Road 14 when it left the North side of the road, overcorrected and traveled Left of center striking vehicle 2.Vehicle 2, Blue Chrysler Town And Country, was traveling East when vehicle 1 crossed the center line of the roadway striking veh. 2 in the drivers side frontal area. Driver 1 stated to have lost control of the vehicle while traveling West and crossed into the Eastbound lane striking vehicle 2. Driver 2 stated vehicle 1 crossed the center line of the roadway striking her vehicle.It is this investigating officers opinion this crash was caused by vehicle 1 crossing the center line of the roadway causing the collision. | AC25: https://intapps.indot.in.gov/ariesimages/90446/904465446-10005250418.jpg | AD25: N | AE25: N | AF25: Y | AG25: Y | AH25: N | AI25: 2000 | AJ25: 4.7739515836285165 | AK25: SR 14 | AL25: <NA> | AM25: No | AN25: 40250 | AO25: 4.773951581688607 | AP25: 99999 | AQ25: 0 | AR25: 99999 | AS25: 0 | AT25: 376.47861187405573 | AU25: CLV-75048 | AV25: 99999 | AZ25: 99999 | BA25: 0
A26: 904470385 | B26: SR 14 | D26: No Injury | E26: N | F26: N | G26: FULTON | H26: $2501 TO $5000 | I26: Dark (Lighted or Unlighted) | J26: RURAL | K26: ANIMAL/OBJECT IN ROADWAY | L26: Collision with Animal (Including Deer) | M26: STATE ROAD | N26: NO JUNCTION INVOLVED | O26: ASPHALT | P26: N | Q26: N | R26: On Dry Pavement | S26: Cloudy | T26: 45353.844 | U26: 41.039197 | V26: -86.077615 | W26: 0 | X26: 0 | Y26: 1 | Z26: 0 | AA26: 1 | AB26: V1 WAS TRAVELING WEST ON SR 14. THE DRIVER STATED A DEER JUMPED OUT OF A DITCH AND HE COULD NOT AVOID COLLIDING WITH IT. V1 PULLED OVER IN THE ENTRANCE TO A BUSINESS TO GET OUT OF THE ROADWAY AND CAME TO REST FACING SOUTH WEST. | AC26: https://intapps.indot.in.gov/ariesimages/90447/904470385-10005261373.jpg | AD26: N | AE26: Y | AF26: Y | AG26: Y | AH26: Y | AI26: 2000 | AJ26: 13.179714910471944 | AK26: SR 14 | AL26: <NA> | AM26: No | AN26: 40250 | AO26: 13.179714908546885 | AP26: 99999 | AQ26: 0 | AR26: 99999 | AS26: 0 | AT26: 99999 | AU26: 0 | AV26: 364.05882140457527 | AW26: SR 14 | AX26: 900 E | AY26: SR 14 | 900 E | AZ26: 99999 | BA26: 0
A27: 904472192 | B27: SR 14 | D27: No Injury | E27: N | F27: N | G27: FULTON | H27: $10001 TO $25000 | I27: Daylight | J27: RURAL | K27: TOW HITCH FAILURE | L27: Ran Off Road | M27: STATE ROAD | N27: NO JUNCTION INVOLVED | O27: ASPHALT | P27: N | Q27: N | R27: On Dry Pavement | S27: Clear | T27: 45366.542 | U27: 41.037831 | V27: -86.067019 | W27: 0 | X27: 0 | Y27: 0 | Z27: 0 | AA27: 1 | AB27: V1 was traveling west on SR 14 in the area of 975 E when the tow hitch broke from the trailer it was pulling. When the hitch broke, the trailer ran off the road down a ditch and struck a fence, causing the trailer to partially roll. The trailer was loaded with a 2018 Bobcat S595. There was no damage to V1. The Bobcat did sustain damage, primarily on the right side. | AC27: https://intapps.indot.in.gov/ariesimages/90447/904472192-10005265335.jpg | AD27: N | AE27: Y | AF27: Y | AG27: Y | AH27: Y | AI27: 2000 | AJ27: 7.538058964243191 | AK27: SR 14 | AL27: <NA> | AM27: No | AN27: 40250 | AO27: 7.538058964256834 | AP27: 99999 | AQ27: 0 | AR27: 99999 | AS27: 0 | AT27: 105.55078485306439 | AU27: CLV-75046 | AV27: 99999 | AZ27: 99999 | BA27: 0
A28: 904474994 | B28: STATE ROAD 25 | D28: No Injury | E28: N | F28: N | G28: FULTON | H28: $25001 TO $50000 | I28: Dark (Lighted or Unlighted) | J28: RURAL | K28: ANIMAL/OBJECT IN ROADWAY | L28: Collision with Animal (Including Deer) | M28: STATE ROAD | N28: NO JUNCTION INVOLVED | O28: ASPHALT | P28: Y | Q28: N | R28: On Dry Pavement | S28: Clear | T28: 45372.059 | U28: 41.04757 | V28: -86.098992 | W28: 0 | X28: 0 | Y28: 4 | Z28: 0 | AA28: 1 | AB28: On Thursday, March 21, 2024 at 01:25, Styers, Anthony responded to a crash on STATE ROAD 25 2000 ft at the intersection of 800 EAST and the road surface was Dry.Vehicle 1, Silver\Aluminum Kia Sportage, Going straight. {Driver Statements} D1 stated that he was traveling westbound on State Road 25 just passed the intersection of 800 East when a group of deer ran out into the roadway from the southside of State Road 25. D1 stated that he was unable to avoid hitting the deer.V1 struck one deer with the front center of V1. {Witness Statements} {Conclusion} V1 struck deer | AC28: https://intapps.indot.in.gov/ariesimages/90447/904474994-10005271576.jpg | AD28: N | AE28: Y | AF28: Y | AG28: Y | AH28: Y | AI28: 2000 | AJ28: 12.960533504994828 | AK28: SR 14 | AL28: <NA> | AM28: No | AN28: 40250 | AO28: 12.960533505467083 | AP28: 99999 | AQ28: 0 | AR28: 99999 | AS28: 0 | AT28: 66.01751626621048 | AU28: CLV-75039 | AV28: 99999 | AZ28: 99999 | BA28: 0
A29: 904487667 | B29: SR 14 E | D29: No Injury | E29: N | F29: Y | G29: FULTON | H29: $2501 TO $5000 | I29: Daylight | J29: URBAN | K29: ANIMAL/OBJECT IN ROADWAY | L29: Collision with Animal (Including Deer) | M29: STATE ROAD | N29: NO JUNCTION INVOLVED | O29: ASPHALT | P29: N | Q29: N | R29: On Dry Pavement | S29: Clear | T29: 45374.752 | U29: 41.057247 | V29: -86.166275 | W29: 0 | X29: 0 | Y29: 1 | Z29: 0 | AA29: 1 | AB29: On Saturday, March 23, 2024 at 18:03, MICHAEL, BRYCE responded to a crash on SR 14 E at the intersection of Bessmore Park Rd and the road surface was Dry.Vehicle 1, Black Subaru Legacy, Going straight. Driver of V1 stated he was traveling west on SR 14 E, when a deer came from the south side of the roadway traveling north. When the deer entered the roadway, this is when it struck the drivers side front and rear door door. Driver of V1 stated the deer continued running north through the field. Upon my arrival, I observed deer off in the distance in the field. Photos were taken on scene. I have nothing further at this time. | AC29: https://intapps.indot.in.gov/ariesimages/90448/904487667-10005298937.jpg | AD29: N | AE29: Y | AF29: Y | AG29: Y | AH29: Y | AI29: 2000 | AJ29: 3.8073176436489575 | AK29: SR 14 | AL29: <NA> | AM29: No | AN29: 40250 | AO29: 3.830821033394841 | AP29: 99999 | AQ29: 0 | AR29: 99999 | AS29: 0 | AT29: 99999 | AU29: 0 | AV29: 523.0713887989191 | AW29: SR 14 | AX29: BARRETT RD 1 | AY29: SR 14 | BARRETT RD 1 | AZ29: 99999 | BA29: 0
A30: 904484433 | B30: STATE ROAD 14 | D30: No Injury | E30: N | F30: N | G30: FULTON | H30: $10001 TO $25000 | I30: Dawn/Dusk | J30: RURAL | K30: ANIMAL/OBJECT IN ROADWAY | L30: Collision with Animal (Including Deer) | N30: NO JUNCTION INVOLVED | O30: ASPHALT | P30: N | Q30: N | R30: On Dry Pavement | S30: Clear | T30: 45389.292 | U30: 41.054413 | V30: -86.149665 | W30: 0 | X30: 0 | Y30: 1 | Z30: 0 | AA30: 1 | AB30: On Sunday, April 7, 2024, I Deputy Jared Parish spoke with D1 on the phone. D1 stated he hit a deer around 7am just down the road from his residence at 3313 Gregory Farm Village. D1 stated he didn't have a cell phone with him and continued to his residence, then called the sheriff's office. I arrived at D1's residence shorty after and observed V1. There was heavy front end damage and damage to the windshield. D1 stated he was between Athens and Rochester when 2 deer entered the roadway. D1 was unable to avoid one of the deer, striking it with the front of V1. D1 continued to his residence after striking the deer. | AC30: https://intapps.indot.in.gov/ariesimages/90448/904484433-10005291948.jpg | AD30: N | AE30: Y | AF30: Y | AG30: N | AH30: N | AI30: 2000 | AJ30: 5.677675480914743 | AK30: SR 14 | AL30: <NA> | AM30: No | AN30: 40250 | AO30: 5.6776754792922475 | AP30: 99999 | AQ30: 0 | AR30: 99999 | AS30: 0 | AT30: 333.91741871332806 | AU30: CLV-75032 | AV30: 12.140608689743544 | AW30: SR 14 | AX30: S 500 E | AY30: SR 14 | S 500 E | AZ30: 99999 | BA30: 0
A31: 904499684 | C31: 14 | D31: Incapacitating | E31: N | F31: N | G31: FULTON | H31: $2501 TO $5000 | I31: Dark (Lighted or Unlighted) | J31: RURAL | K31: ANIMAL/OBJECT IN ROADWAY | L31: Collision with Object in Road | M31: STATE ROAD | N31: NO JUNCTION INVOLVED | O31: ASPHALT | P31: N | Q31: N | R31: On Dry Pavement | S31: Clear | T31: 45413.872 | U31: 41.053535 | V31: -86.119783 | W31: 1 | X31: 0 | Y31: 0 | Z31: 0 | AA31: 1 | AB31: On May 1st, 2024 I responded to a single vehicle crash on State Road 14, east of County Road 650 East. Driver 1 was receiving medical attention from a Henry Township Volunteer firefighter when I arrived on scene. Witness 1 stated he was riding his motorcycle behind V1 when he observed V1 strike a 6x6 in the roadway, causing V1 to go airborne. Witness 1 stated V1 flipped in the air one time, struck the ground, and went airborne at least one more time. Witness 1 stated D1 was ejected from the bike and struck the ground several times. Witness 1 stated him and D1 were going the posted speed limit. I did locate a 6x6 chunk of wood about 2 foot long, that was off the southside of the roadway. Witness 1 stated this was the piece of wood that D1 struck. D1 was treated by Lutheran EMS 0457 on scene, then transported via Lutheran Helicopter LA2 (N794ADE) to Lutheran Hospital in Fort Wayne, Indiana. V1 was towed by Wilsons Towing to d1's fathers address at 7060 E State Rd 14. D1's father requested Wilson's Towing. I was not able to obtain insurance for V1 on the crash scene. D1 contacted the Sheriff's Office later with his insurance information. Deputy Ryan UtterFulton County Sheriff's Office | AC31: https://intapps.indot.in.gov/ariesimages/90449/904499684-10005326311.jpg | AD31: Y | AE31: N | AF31: Y | AG31: N | AH31: Y | AI31: 2000 | AJ31: 2.018738819606398 | AK31: SR 14 | AL31: <NA> | AM31: No | AN31: 40250 | AO31: 2.018738818995189 | AP31: 99999 | AQ31: 0 | AR31: 99999 | AS31: 0 | AT31: 197.30217199457428 | AU31: CLV-75037 | AV31: 99999 | AZ31: 99999 | BA31: 0
A32: 904501078 | B32: E STATE ROAD 14 | D32: No Injury | E32: N | F32: N | G32: FULTON | H32: $2501 TO $5000 | I32: Daylight | J32: RURAL | K32: FAILURE TO MAINTAIN LANE | L32: Ran Off Road | M32: STATE ROAD | N32: NO JUNCTION INVOLVED | O32: ASPHALT | P32: N | Q32: N | R32: On Dry Pavement | S32: Clear | T32: 45416.844 | U32: 41.054265 | V32: -86.130855 | W32: 0 | X32: 0 | Y32: 0 | Z32: 0 | AA32: 1 | AB32: V1 was traveling westbound on SR14 approaching the residence of 5955 E St Rd 14, Rochester, IN. V1 traveled of the right side of the road striking two mailboxes belonging to 6013 and 5955. V1 then traveled back onto the road and left the scene of the accident. V1 was located shortly after on SR14 near the 70MM and a traffic stop was conducted in a Dollar Tree parking lot. D1 stated he was not aware he had hit mailboxes. D1 stated the damage on V1 was from a deer.V1 had damage to the right front bumper, headlight, and hood. V1 also had a tan wheel trim hanging off the vehicle. A tan wheel trim piece was located at the scene that belonged to V1. | AC32: https://intapps.indot.in.gov/ariesimages/90450/904501078-10005329317.jpg | AD32: N | AE32: Y | AF32: N | AG32: Y | AH32: Y | AI32: 2000 | AJ32: 3.3755724900994437 | AK32: SR 14 | AL32: <NA> | AM32: No | AN32: 40250 | AO32: 3.375572489863771 | AP32: 99999 | AQ32: 0 | AR32: 99999 | AS32: 0 | AT32: 58.78088977871803 | AU32: CLV-75036 | AV32: 99999 | AZ32: 99999 | BA32: 0
A33: 904524084 | B33: SR 14 E | D33: No Injury | E33: N | F33: Y | G33: FULTON | H33: $2501 TO $5000 | I33: Dark (Lighted or Unlighted) | J33: URBAN | K33: ANIMAL/OBJECT IN ROADWAY | L33: Collision with Animal (Including Deer) | M33: STATE ROAD | N33: NO JUNCTION INVOLVED | O33: ASPHALT | P33: N | Q33: N | R33: On Dry Pavement | S33: Clear | T33: 45458.984 | U33: 41.05746 | V33: -86.167303 | W33: 0 | X33: 0 | Y33: 0 | Z33: 0 | AA33: 1 | AB33: On Saturday, June 15, 2024 at 23:37, MICHAEL, BRYCE responded to a crash on SR 14 E at the intersection of Bessmore Park Rd and the road surface was Dry.Vehicle 1, Blue Chevrolet Malibu, Going straight. Driver of V1 stated he was traveling west on SR14 near Bessmore Park Rd when a deer came from the north side of the road striking his vehicle. | AC33: https://intapps.indot.in.gov/ariesimages/90452/904524084-10005379354.jpg | AD33: N | AE33: Y | AF33: Y | AG33: Y | AH33: Y | AI33: 2000 | AJ33: 5.634079242423127 | AK33: SR 14 | AL33: <NA> | AM33: No | AN33: 40250 | AO33: 7.663882936495838 | AP33: 99999 | AQ33: 0 | AR33: 99999 | AS33: 0 | AT33: 305.7133822289006 | AU33: CLV-75031 | AV33: 230.38797072475515 | AW33: SR 14 | AX33: BARRETT RD 1 | AY33: SR 14 | BARRETT RD 1 | AZ33: 99999 | BA33: 0
A34: 904540341 | B34: ROCHESTER ST | D34: No Injury | E34: N | F34: N | G34: FULTON | H34: $2501 TO $5000 | I34: Daylight | J34: URBAN | K34: UNSAFE BACKING | L34: Backing Crash | N34: NO JUNCTION INVOLVED | O34: CONCRETE | P34: N | Q34: N | R34: On Dry Pavement | S34: Clear | T34: 45486.422 | U34: 41.039218 | V34: -86.031521 | W34: 0 | X34: 0 | Y34: 0 | Z34: 0 | AA34: 2 | AB34: On Saturday, July 13, 2024 at 10:07, Salientes, Jeryl responded to a crash on 201 W ROCHESTER ST and the road surface was Dry.Vehicle 1, Red Honda Accord, Parked. Vehicle 2, Red Chevrolet Silverado, Backing. D1 Stated she was leaving the parking lot of Good to Go gas station when V2 was backing out of the parking space and collided with V1.Spoke to D2 and stated he was backing out of the parking space and did not see V1 and collided into it.V1 sustained damaged to the rear passenger door and V2 sustained a few scratches on the corner of the rear bumper. | AC34: https://intapps.indot.in.gov/ariesimages/90454/904540341-10005414169.jpg | AD34: N | AE34: N | AF34: N | AG34: N | AH34: N | AI34: 2000 | AJ34: 4.482691842074175 | AK34: SR 14 | AL34: <NA> | AM34: No | AN34: 40250 | AO34: 4.482691843890279 | AP34: 99999 | AQ34: 0 | AR34: 99999 | AS34: 0 | AT34: 99999 | AU34: 0 | AV34: 53.71682491940205 | AW34: SR 14 | AX34: WITTENBERGER ST | AY34: SR 14 | WITTENBERGER ST | AZ34: 99999 | BA34: 0
A35: 904547726 | B35: STATE ROAD 14 | D35: No Injury | E35: N | F35: N | G35: FULTON | H35: $10001 TO $25000 | I35: Dawn/Dusk | J35: RURAL | K35: ANIMAL/OBJECT IN ROADWAY | L35: Collision with Animal (Including Deer) | M35: STATE ROAD | N35: NO JUNCTION INVOLVED | O35: ASPHALT | P35: N | Q35: N | R35: On Dry Pavement | S35: Cloudy | T35: 45503.257 | U35: 41.038955 | V35: -86.05715 | W35: 0 | X35: 0 | Y35: 3 | Z35: 0 | AA35: 1 | AB35: Vehicle 1 was traveling westbound on State Road 14 approaching 1000 East. V1 struck 2 bucks and 1 doe that were coming out of the cornfield to the north of the intersection going southbound. V1 sustained damage to the front grill causing both headlights to break, the front bumper to come loose, and possible damage to engine components. V1 did have airbag deployment.Driver 1 had a scratch on there left forearm and denied medical treatment. Passenger 1 stated they had bruising to there stomach and refused medical treatment. | AC35: https://intapps.indot.in.gov/ariesimages/90454/904547726-10005430587.jpg | AD35: N | AE35: Y | AF35: Y | AG35: Y | AH35: Y | AI35: 2000 | AJ35: 2.971119085881469 | AK35: SR 14 | AL35: <NA> | AM35: No | AN35: 40250 | AO35: 2.9711190844088833 | AP35: 99999 | AQ35: 0 | AR35: 99999 | AS35: 0 | AT35: 99999 | AU35: 0 | AV35: 41.52044409968596 | AW35: SR 14 | AX35: N 1000 E | AY35: SR 14 | N 1000 E | AZ35: 99999 | BA35: 0
A36: 904553140 | B36: STATE ROAD 14 | D36: Possible | E36: N | F36: N | G36: FULTON | H36: $5001 TO $10000 | I36: Dawn/Dusk | J36: RURAL | K36: UNSAFE SPEED | L36: Other | N36: NO JUNCTION INVOLVED | O36: ASPHALT | P36: N | Q36: N | R36: On Dry Pavement | S36: Clear | T36: 45509.289 | U36: 41.054263 | V36: -86.136122 | W36: 1 | X36: 0 | Y36: 0 | Z36: 0 | AA36: 1 | AB36: On Monday, August 5, 2024, I Deputy Jared Parish responded to a single vehicle motorcycle crash near the intersection of State Road 14 and CR 575 East. When I arrived on scene I spoke to D1. D1 stated he was westbound on SR 14 headed towards Rochester when he was passing vehicles. D1 stated he lost control which led to the crash. I observed D1 to be confused in his directions he was describing to me. I observed a head laceration where D1 hit his head. I then spoke to 2 witnesses of the crash as D1 was being attended to by Medic 61. Witnesses advised D1 was passing them at around 70-90 miles per hour when D1 got speed wobbles and dropped his bike. Pictures were taken of the of the crash. It should be noted that the motorcycle was moved out of the roadway by witnesses before my arrival. D1 was transported by Medic 61 was Fort Wayne. V1 was towed by Hammel's to North Manchester. | AC36: https://intapps.indot.in.gov/ariesimages/90455/904553140-10005442548.jpg | AD36: N | AE36: Y | AF36: Y | AG36: Y | AH36: N | AI36: 2000 | AJ36: 8.324236951728679 | AK36: SR 14 | AL36: <NA> | AM36: No | AN36: 40250 | AO36: 8.324236950131308 | AP36: 99999 | AQ36: 0 | AR36: 99999 | AS36: 0 | AT36: 245.82068034083488 | AU36: CLV-75035 | AV36: 294.12733230447435 | AW36: SR 14 | AX36: S 575 E | AY36: SR 14 | S 575 E | AZ36: 99999 | BA36: 0
A37: 904584833 | B37: FEDERAL ST | D37: No Injury | E37: N | F37: Y | G37: FULTON | H37: $5001 TO $10000 | I37: Dark (Lighted or Unlighted) | J37: URBAN | K37: IMPROPER TURNING | L37: Left Turn, Right Turn or Angle | M37: LOCAL/CITY ROAD | N37: NO JUNCTION INVOLVED | O37: ASPHALT | P37: N | Q37: N | R37: On Dry Pavement | S37: Cloudy | T37: 45542.858 | U37: 41.039149 | V37: -86.028896 | W37: 0 | X37: 0 | Y37: 0 | Z37: 0 | AA37: 1 | AB37: V1 WAS TRAVELING EAST ON ROCHESTER ST. AS V1 MADE THE TURN NORTH ONTO FEDERAL ST, V1 COLLIDED WITH A STEP IN THE CONCRETE BARRIER WALL NEXT TO THE ROADWAY. V1 ALSO HIT A METAL RAIL ON TOP OF THE WALL BREAKING IT. V1 CAME TO REST FACING NORTH IN THE ROADWAY.THE DRIVER HAD EXPLAINED HE WAS TRYING TO CHASE A VEHICLE THAT PASSED HIM ON THE RIGHT AND WHEN HE TURNED HE COLLIDED WITH THE WALL. HE STATED HE WAS TRYING TO GET THE VEHICLE INFORMATION AS THE REASON HE WAS DRIVING THE WAY HE WAS. | AC37: https://intapps.indot.in.gov/ariesimages/90458/904584833-10005511693.jpg | AD37: N | AE37: N | AF37: Y | AG37: N | AH37: N | AI37: 2000 | AJ37: 76.80731965098806 | AK37: SR 14 | AL37: <NA> | AM37: No | AN37: 40250 | AO37: 76.80731965135419 | AP37: 99999 | AQ37: 0 | AR37: 99999 | AS37: 0 | AT37: 99999 | AU37: 0 | AV37: 170.04742039136445 | AW37: SR 14 | AX37: SR 19 SB 1 | AY37: SR 14 | SR 19 SB 1 | AZ37: 99999 | BA37: 0
A38: 904587726 | B38: SR 14 | D38: Non-incapacitating | E38: N | F38: N | G38: FULTON | H38: $10001 TO $25000 | I38: Daylight | J38: RURAL | K38: OTHER (DRIVER) - EXPLAIN IN NARRATIVE | L38: Rear End | N38: NO JUNCTION INVOLVED | O38: ASPHALT | P38: N | Q38: N | R38: On Dry Pavement | S38: Cloudy | T38: 45562.334 | U38: 41.051721 | V38: -86.114394 | W38: 1 | X38: 0 | Y38: 0 | Z38: 0 | AA38: 2 | AB38: On Friday, September 27, 2024 at 08:01, Salientes, Jeryl responded to a crash on SR 14 at the intersection of 700 E and the road surface was Dry.Vehicle 1, Red Ram 5500, Going straight. Vehicle 2, Maroon\Burgundy (purple) Chevrolet Equinox, Going straight. D1 stated that D2 pulled out in front of him from a residence and continued to drive east. D1 continued to explain that D2 made a quick stop to turn north onto 700 east and could not avoid colliding with V2 due to a oversized semi in the opposite lane. D1 stated he spoke to D2 and she said she stopped to fast.D2 stated she pulled out of her driveway in front of the truck and headed east on SR14. She said she turned her turn signal on prior to the turn and was struck by V1. | AC38: https://intapps.indot.in.gov/ariesimages/90458/904587726-10005518089.jpg | AD38: N | AE38: Y | AF38: Y | AG38: Y | AH38: N | AI38: 2000 | AJ38: 3.106626455829783 | AK38: SR 14 | AL38: <NA> | AM38: No | AN38: 40250 | AO38: 2.460327512498907 | AP38: 99999 | AQ38: 0 | AR38: 99999 | AS38: 0 | AT38: 63.61714429401942 | AU38: CLV-75038 | AV38: 13.968226451201648 | AW38: SR 14 | AX38: N 675 E | AY38: SR 14 | N 675 E | AZ38: 99999 | BA38: 0
A39: 904644977 | B39: SR 14 | D39: No Injury | E39: N | F39: N | G39: FULTON | H39: $2501 TO $5000 | I39: Dark (Lighted or Unlighted) | J39: RURAL | K39: ANIMAL/OBJECT IN ROADWAY | L39: Collision with Animal (Including Deer) | M39: STATE ROAD | N39: NO JUNCTION INVOLVED | O39: ASPHALT | P39: N | Q39: N | R39: On Dry Pavement | S39: Clear | T39: 45607.802 | U39: 41.038996 | V39: -86.029509 | W39: 0 | X39: 0 | Y39: 1 | Z39: 0 | AA39: 1 | AB39: On Monday, November 11, 2024 at 19:15, Dulin, James responded to a crash on SR 14 at the intersection of CR 650 E where a vehicle has struck a deer. | AC39: https://intapps.indot.in.gov/ariesimages/90464/904644977-10005639232.jpg | AD39: N | AE39: Y | AF39: Y | AG39: Y | AH39: Y | AI39: 2000 | AJ39: 2.703389196210196 | AK39: SR 14 | AL39: <NA> | AM39: No | AN39: 40250 | AO39: 2.703389197185743 | AP39: 99999 | AQ39: 0 | AR39: 99999 | AS39: 0 | AT39: 99999 | AU39: 0 | AV39: 311.0736672700091 | AW39: SR 14 | AX39: SR 19 SB 1 | AY39: SR 14 | SR 19 SB 1 | AZ39: 99999 | BA39: 0
A40: 904622795 | B40: SR 14 | D40: Possible | E40: N | F40: N | G40: FULTON | H40: $5001 TO $10000 | I40: Dark (Lighted or Unlighted) | J40: RURAL | K40: OVERCORRECTING/OVERSTEERING | L40: Ran Off Road | M40: STATE ROAD | N40: NO JUNCTION INVOLVED | O40: ASPHALT | P40: N | Q40: N | R40: On Dry Pavement | S40: Clear | T40: 45616.743 | U40: 41.054294 | V40: -86.141575 | W40: 1 | X40: 0 | Y40: 0 | Z40: 0 | AA40: 1 | AB40: On Sunday, November 24, 2024 at 5:50 P.M. I was dispatched to a crash in the area of State Road 14 and County Road 550 East. I arrived as the driver was being transported by ambulance to Woodlawn Hospital for a complaint of pain. I observed Vehicle 1 to be in the south ditch, facing south, with the passenger side resting against a power pole. I spoke to a witness, Jason Freels, who was traveling westbound on State Road 14 as the second vehicle behind Vehicle 1. Jason stated that a deer crossed the roadway from south to north, and that vehicle 1 swerved to avoid the deer, which it successfully did, but then overcorrected and lost control, careening off of the south side of the road. Jason stated the deer was not struck and that he stopped to render aid. Patrolman Bryce Michael met with Driver 1, Rebecca Beliles, at Woodlawn Hospital and obtained her driver's license information and insurance information. Her version of events corroborated Mr. Freel's statements about swerving to avoid a deer. Her injury was a complaint of pain. The vehicle was towed from the scene due to disabling damage by Tony's City Wide Towing. There was minimal, cosmetic-only damage to the electric pole. | AC40: https://intapps.indot.in.gov/ariesimages/90462/904622795-10005593197.jpg | AD40: N | AE40: Y | AF40: Y | AG40: Y | AH40: Y | AI40: 2000 | AJ40: 15.903577854821947 | AK40: SR 14 | AL40: <NA> | AM40: No | AN40: 40250 | AO40: 15.903577854639025 | AP40: 99999 | AQ40: 0 | AR40: 99999 | AS40: 0 | AT40: 99999 | AU40: 0 | AV40: 454.08355089432916 | AW40: SR 14 | AX40: N 525 E | AY40: SR 14 | N 525 E | AZ40: 99999 | BA40: 0
A41: 904622792 | B41: STATE ROAD 14 | D41: No Injury | E41: N | F41: N | G41: FULTON | H41: $2501 TO $5000 | I41: Dark (Lighted or Unlighted) | J41: RURAL | K41: ANIMAL/OBJECT IN ROADWAY | L41: Collision with Animal (Including Deer) | M41: STATE ROAD | N41: T-INTERSECTION | O41: ASPHALT | P41: N | Q41: N | R41: On Dry Pavement | S41: Clear | T41: 45619.819 | U41: 41.039566 | V41: -86.080928 | W41: 0 | X41: 0 | Y41: 0 | Z41: 0 | AA41: 1 | AB41: On Saturday, November 23, 2024 Deputy Mitchell Scott responded to a crash on State Road 14 at the intersection of CR 875 E and the road surface was Dry.Vehicle 1 was traveling east on State Road 14 at/near CR 875 E. Driver 1 stated a racoon entered the roadway and she was unable to avoid it. Vehicle 1 struck the racoon on the front driver's side bumper. I observed what appeared to be fur on the front bumper. Driver 1 drove home and called law enforcement. I observed vehicle parts in the area of State Road 14 and CR 875 E. | AC41: https://intapps.indot.in.gov/ariesimages/90462/904622792-10005593193.jpg | AD41: N | AE41: Y | AF41: Y | AG41: Y | AH41: Y | AI41: 2000 | AJ41: 11.603713111627485 | AK41: SR 14 | AL41: <NA> | AM41: No | AN41: 40250 | AO41: 11.58829358670414 | AP41: 99999 | AQ41: 0 | AR41: 99999 | AS41: 0 | AT41: 300.0740486155329 | AU41: CLV-75043 | AV41: 33.436749861058935 | AW41: SR 14 | AX41: S 850 E | AY41: SR 14 | S 850 E | AZ41: 99999 | BA41: 0
A42: 904622798 | B42: STATE ROAD 14 | D42: No Injury | E42: N | F42: N | G42: FULTON | H42: $5001 TO $10000 | I42: Dark (Lighted or Unlighted) | J42: RURAL | K42: FAILURE TO MAINTAIN LANE | L42: Ran Off Road | M42: STATE ROAD | N42: NO JUNCTION INVOLVED | O42: ASPHALT | P42: N | Q42: N | R42: On Dry Pavement | S42: Clear | T42: 45621.242 | U42: 41.047248 | V42: -86.094294 | W42: 0 | X42: 0 | Y42: 0 | Z42: 0 | AA42: 1 | AB42: On Monday, November 25, 2024, I Deputy Jared Parish responded to the area of State Road 14 near CR 800 East for a single vehicle crash with no injuries. When I arrived on scene, I spoke to D1. D1 stated she was westbound on State Road 14 when she went of the roadway onto the gravel shoulder. D1 stated after she hit the gravel, she lost control of V1. I observed V1 to be laying on its passenger side in the field on the north side of the roadway. V1 was towed by Tony's tow to Akron. D1 denied medical attention at the scene. | AC42: https://intapps.indot.in.gov/ariesimages/90462/904622798-10005593207.jpg | AD42: N | AE42: Y | AF42: Y | AG42: Y | AH42: Y | AI42: 2000 | AJ42: 3.657246345254407 | AK42: SR 14 | AL42: <NA> | AM42: No | AN42: 40250 | AO42: 3.6572463468244223 | AP42: 99999 | AQ42: 0 | AR42: 99999 | AS42: 0 | AT42: 99999 | AU42: 0 | AV42: 283.00991 | AW42: SR 14 | AX42: S 775 E | AY42: SR 14 | S 775 E | AZ42: 99999 | BA42: 0
A43: 904625122 | B43: SR 14 | D43: No Injury | E43: N | F43: N | G43: FULTON | H43: $2501 TO $5000 | I43: Dark (Lighted or Unlighted) | J43: RURAL | K43: ANIMAL/OBJECT IN ROADWAY | L43: Collision with Animal (Including Deer) | M43: STATE ROAD | N43: NO JUNCTION INVOLVED | O43: ASPHALT | P43: N | Q43: N | R43: On Wet Pavement | S43: Rain | T43: 45621.735 | U43: 41.053679 | V43: -86.120525 | W43: 0 | X43: 0 | Y43: 1 | Z43: 0 | AA43: 1 | AB43: On Monday, November 25, 2024 at 17:38, Miller, Abbigayle responded to a crash on SR 14 and the road surface was Wet.Vehicle 1, Red Gmc Acadia, Maintaining path of travel. V1 was traveling east on SR 14 near CR 650 E when a deer entered the roadway. D1 was unable to avoid the deer and hit it. The vehicle was towed by Tony's towing. | AC43: https://intapps.indot.in.gov/ariesimages/90462/904625122-10005598146.jpg | AD43: N | AE43: Y | AF43: Y | AG43: Y | AH43: Y | AI43: 2000 | AJ43: 0.7314199744969301 | AK43: SR 14 | AL43: <NA> | AM43: No | AN43: 40250 | AO43: 0.7314199746479062 | AP43: 99999 | AQ43: 0 | AR43: 99999 | AS43: 0 | AT43: 13.973917199162663 | AU43: CLV-75037 | AV43: 99999 | AZ43: 99999 | BA43: 0
A44: 904629295 | B44: SR 14 | D44: No Injury | E44: N | F44: N | G44: FULTON | H44: $2501 TO $5000 | I44: Dark (Lighted or Unlighted) | J44: RURAL | K44: ANIMAL/OBJECT IN ROADWAY | L44: Collision with Animal (Including Deer) | M44: STATE ROAD | N44: NO JUNCTION INVOLVED | O44: ASPHALT | P44: N | Q44: N | R44: On Dry Pavement | S44: Clear | T44: 45634.226 | U44: 41.048463 | V44: -86.109338 | W44: 0 | X44: 0 | Y44: 1 | Z44: 0 | AA44: 1 | AB44: V1 was traveling east on SR 14 in the area of CR 700 E when a deer entered the roadway. V1 was unable to avoid striking the deer. V1 sustained front end damage primarily to the front driver side bumper and surrounding panels. The airbags did deploy during this crash. | AC44: https://intapps.indot.in.gov/ariesimages/90462/904629295-10005607101.jpg | AD44: N | AE44: Y | AF44: Y | AG44: Y | AH44: Y | AI44: 2000 | AJ44: 6.5287785 | AK44: SR 14 | AL44: <NA> | AM44: No | AN44: 40250 | AO44: 7.371373250369288 | AP44: 99999 | AQ44: 0 | AR44: 99999 | AS44: 0 | AT44: 99999 | AU44: 0 | AV44: 99999 | AZ44: 99999 | BA44: 0
A45: 904644988 | B45: SR 14 | D45: No Injury | E45: N | F45: N | G45: FULTON | H45: $2501 TO $5000 | I45: Dark (Lighted or Unlighted) | J45: RURAL | K45: ANIMAL/OBJECT IN ROADWAY | L45: Collision with Animal (Including Deer) | M45: STATE ROAD | N45: NO JUNCTION INVOLVED | O45: ASPHALT | P45: N | Q45: N | R45: On Dry Pavement | S45: Clear | T45: 45634.785 | U45: 41.054358 | V45: -86.147028 | W45: 0 | X45: 0 | Y45: 1 | Z45: 0 | AA45: 1 | AB45: On Sunday, December 8, 2024 at 18:50 arrived on scene of a car deer accident. Vehicle was travel west on State Road 14 when it struck a deer near county road 500 East. Male driver drove the vehicle to his residence in Rochester. | AC45: https://intapps.indot.in.gov/ariesimages/90464/904644988-10005639250.jpg | AD45: N | AE45: Y | AF45: Y | AG45: Y | AH45: Y | AI45: 2000 | AJ45: 7.233830116052559 | AK45: SR 14 | AL45: <NA> | AM45: No | AN45: 40250 | AO45: 7.233830115869523 | AP45: 99999 | AQ45: 0 | AR45: 99999 | AS45: 0 | AT45: 100.8383618359026 | AU45: CLV-75033 | AV45: 738.0213377692938 | AW45: SR 14 | AX45: S 500 E | AY45: SR 14 | S 500 E | AZ45: 99999 | BA45: 0
A46: 904644989 | B46: SR 14 | D46: No Injury | E46: N | F46: N | G46: FULTON | H46: $1001 TO $2500 | I46: Dawn/Dusk | J46: RURAL | K46: ANIMAL/OBJECT IN ROADWAY | L46: Collision with Animal (Including Deer) | M46: STATE ROAD | N46: NO JUNCTION INVOLVED | O46: ASPHALT | P46: N | Q46: N | R46: On Dry Pavement | S46: Clear | T46: 45635.733 | U46: 41.049347 | V46: -86.110672 | W46: 0 | X46: 0 | Y46: 1 | Z46: 0 | AA46: 1 | AB46: On Monday, December 9, 2024 at 17:36, Miller, Abbigayle responded to a crash on SR 14 at the intersection of CR 700 E and the road surface was Dry.Vehicle 1, Gray Gmc Yukon Xl, Maintaining path of travel. V1 was traveling west on SR 14 near CR 700 E when a deer entered the roadway. D1 was unable to avoid the deer and hit it causing front end damage. The vehicle was drivable. | AC46: https://intapps.indot.in.gov/ariesimages/90464/904644989-10005639254.jpg | AD46: N | AE46: Y | AF46: Y | AG46: Y | AH46: Y | AI46: 2000 | AJ46: 8.541337230515865 | AK46: SR 14 | AL46: <NA> | AM46: No | AN46: 40250 | AO46: 8.5413372 | AP46: 99999 | AQ46: 0 | AR46: 99999 | AS46: 0 | AT46: 99999 | AU46: 0 | AV46: 99999 | AZ46: 99999 | BA46: 0
A47: 904639598 | B47: SR14 | D47: No Injury | E47: N | F47: N | G47: FULTON | H47: $5001 TO $10000 | I47: Dark (Lighted or Unlighted) | J47: RURAL | K47: ANIMAL/OBJECT IN ROADWAY | L47: Collision with Animal (Including Deer) | M47: STATE ROAD | N47: NO JUNCTION INVOLVED | O47: ASPHALT | P47: N | Q47: N | R47: On Dry Pavement | S47: Clear | T47: 45647.763 | U47: 41.047564 | V47: -86.098416 | W47: 0 | X47: 0 | Y47: 1 | Z47: 0 | AA47: 1 | AB47: This investigation occurred on December 21, 2024 at 1826 HRS.SR14 is 2 lanes wide 2 way state road. The conditions were clear, the roadway was dry, and traffic was light at time of the collision.V1 was traveling east on SR14 at 7881 E SR14. V1 struck a deer in the the roadway. V1 received moderate front end damage.V1 was towed due to disabling damage by Tony's Citywide Towing. There were no injuries reported as a result of the accident.D1 stated that she was traveling east on SR14 when a deer entered the roadway from north to south.Physical evidence on scene as well as on V1 show that V1 was traveling east on SR14 when she impacted a deer near 7881 E SR14. | AC47: https://intapps.indot.in.gov/ariesimages/90463/904639598-10005629363.jpg | AD47: N | AE47: Y | AF47: Y | AG47: Y | AH47: Y | AI47: 2000 | AJ47: 5.5615136997452055 | AK47: SR 14 | AL47: <NA> | AM47: No | AN47: 40250 | AO47: 5.561513700217347 | AP47: 99999 | AQ47: 0 | AR47: 99999 | AS47: 0 | AT47: 224.89776933058664 | AU47: CLV-75039 | AV47: 99999 | AZ47: 99999 | BA47: 0
A48: 903960115 | B48: E STATE RD 14 | D48: No Injury | E48: N | F48: N | G48: FULTON | H48: $5001 TO $10000 | I48: Dark (Lighted or Unlighted) | J48: RURAL | K48: ANIMAL/OBJECT IN ROADWAY | L48: Left Turn, Right Turn or Angle | N48: NO JUNCTION INVOLVED | O48: ASPHALT | P48: N | Q48: N | R48: On Dry Pavement | S48: Cloudy | T48: 44575.306 | U48: 41.054296 | V48: -86.131993 | W48: 0 | X48: 0 | Y48: 1 | Z48: 0 | AA48: 1 | AB48: On Friday, January 14, 2022 at 07:20, shriver, don responded to a crash on E State Rd 14. At the time of the crash, the weather was Cloudy and the road surface was Dry.Vehicle 1, Tan Jeep Grand, Going straight. {Driver Statements} {Witness Statements} {Conclusion} Vehicle one was traveling West on SR 14 near CR 575 E when a deer entered the roadway and was struck. | AC48: https://intapps.indot.in.gov/ariesimages/90396/903960115-10004231032.jpg | AD48: N | AE48: N | AF48: Y | AG48: Y | AH48: N | AI48: 2000 | AJ48: 14.546135620763422 | AK48: SR 14 | AL48: <NA> | AM48: No | AN48: 40250 | AO48: 14.546135620806126 | AP48: 99999 | AQ48: 0 | AR48: 99999 | AS48: 0 | AT48: 255.25514481700094 | AU48: CLV-75036 | AV48: 99999 | AZ48: 99999 | BA48: 0
A49: 903960099 | B49: STATE RD 14 | D49: No Injury | E49: N | F49: N | G49: FULTON | H49: $5001 TO $10000 | I49: Dark (Lighted or Unlighted) | J49: RURAL | K49: ANIMAL/OBJECT IN ROADWAY | L49: Collision with Animal (Including Deer) | M49: STATE ROAD | N49: NO JUNCTION INVOLVED | O49: ASPHALT | P49: N | Q49: N | R49: On Dry Pavement | S49: Cloudy | T49: 44578.242 | U49: 41.039318 | V49: -86.078613 | W49: 0 | X49: 0 | Y49: 1 | Z49: 0 | AA49: 1 | AB49: D1 was eastbound on state road 14 near county road 900 E when a deer entered the roadway. D1 was unable to avoid striking the deer. | AC49: https://intapps.indot.in.gov/ariesimages/90396/903960099-10004231010.jpg | AD49: N | AE49: N | AF49: Y | AG49: Y | AH49: Y | AI49: 2000 | AJ49: 1.2593351941627589 | AK49: SR 14 | AL49: <NA> | AM49: No | AN49: 40250 | AO49: 0.9306286392834409 | AP49: 99999 | AQ49: 0 | AR49: 99999 | AS49: 0 | AT49: 343.9754839901222 | AU49: CLV-75043 | AV49: 642.0752581249129 | AW49: SR 14 | AX49: 900 E | AY49: SR 14 | 900 E | AZ49: 99999 | BA49: 0
A50: 904135408 | B50: W ROCHESTER ST | D50: No Injury | E50: N | F50: Y | G50: FULTON | H50: $2501 TO $5000 | I50: Daylight | J50: URBAN | K50: OTHER (VEHICLE) - EXPLAIN IN NARRATIVE | L50: Rear End | M50: LOCAL/CITY ROAD | N50: FOUR-WAY INTERSECTION | O50: ASPHALT | P50: N | Q50: N | R50: On Dry Pavement | S50: Cloudy | T50: 44847.622 | U50: 41.038827 | V50: -86.028343 | W50: 0 | X50: 0 | Y50: 0 | Z50: 0 | AA50: 2 | AB50: V1 WAS TRAVELING EAST ON ROCHESTER ST. V1 CAME TO A STOP AT THE INTERSECTION OF ROCHESTER ST AND MISHAWAKA ST. V1 WAS THEN REAR ENDED BY V2. V1 THEN TURNED SOUTH ONTO MISHAWAKA ST AND CAME TO A STOP IN A PARKING SPOT TO GET OUT OF TRAFFIC FOR SAFETY.V2 WAS TRAVELING EAST ON ROCHESTER ST. AS V1 STOPPED AT THE INTERSECTION, V2 REAR ENDED V1. V2 THEN TURNED NORTH ONTO MISHAWAKA ST AND CONTINUED NORTH LEAVING THE SCENE OF THE ACCIDENT. I WAS UNABLE TO LOCATE V2. | AC50: https://intapps.indot.in.gov/ariesimages/90413/904135408-10004584715.jpg | AD50: N | AE50: N | AF50: N | AG50: N | AH50: N | AI50: 2000 | AJ50: 18.621263453454354 | AK50: SR 14 | AL50: <NA> | AM50: No | AN50: 40250 | AO50: 20.970123851661583 | AP50: 99999 | AQ50: 0 | AR50: 99999 | AS50: 0 | AT50: 99999 | AU50: 0 | AV50: 18.577194963915463 | AW50: SR 14 | AX50: SR 19 1 | AY50: SR 14 | SR 19 1 | AZ50: 99999 | BA50: 0
A51: 904137984 | B51: STATE RD 14 | D51: No Injury | E51: N | F51: Y | G51: FULTON | H51: $5001 TO $10000 | I51: Daylight | J51: URBAN | K51: IMPROPER PASSING | L51: Left Turn, Right Turn or Angle | M51: STATE ROAD | N51: NO JUNCTION INVOLVED | O51: ASPHALT | P51: N | Q51: N | R51: On Dry Pavement | S51: Clear | T51: 44854.37 | U51: 41.054313 | V51: -86.125155 | W51: 0 | X51: 0 | Y51: 0 | Z51: 0 | AA51: 2 | AB51: V1 was traveling west on SR 14 approaching Athens, IN. V-1 began to pass V2 in a No Passing Zone. As V1 entered back into the west bound lane, V1's rear bumber collided with the front bumper of V2. V1 left the roadway and collided with a trash container owned by Republic Services.D2 advised, D1 passed him in a No Passing Zone and cut in front of him.W1 who was east bound stated V1 was passing in the No Passing Zone.October 27th, 2022 I was advised by Matt Clevenger, Clevenger Engineering, when V1 collided with the trash container, the trash container was shoved into the air conditioner casusing substantial damage.REPUBLIC SERVICES 15469S SR17 CULVER,IN 46511CLEVENGER ENGINEERING 6310E SR14 ROCHESTER,IN 46975 | AC51: https://intapps.indot.in.gov/ariesimages/90413/904137984-10004601653.jpg | AD51: N | AE51: N | AF51: Y | AG51: Y | AH51: Y | AI51: 2000 | AJ51: 9.496589200762628 | AK51: SR 14 | AL51: <NA> | AM51: No | AN51: 40250 | AO51: 9.496589198996617 | AP51: 99999 | AQ51: 0 | AR51: 99999 | AS51: 0 | AT51: 99999 | AU51: 0 | AV51: 50.63000410687271 | AW51: SR 14 | AX51: 650 E | AY51: SR 14 | 650 E | AZ51: 99999 | BA51: 0
A52: 904143902 | B52: STATE RD 14 | D52: No Injury | E52: N | F52: N | G52: FULTON | H52: $2501 TO $5000 | I52: Dark (Lighted or Unlighted) | J52: RURAL | K52: ANIMAL/OBJECT IN ROADWAY | L52: Collision with Animal (Including Deer) | M52: STATE ROAD | N52: NO JUNCTION INVOLVED | O52: ASPHALT | P52: N | Q52: N | R52: On Dry Pavement | S52: Clear | T52: 44860.568 | U52: 41.038587 | V52: -86.060811 | W52: 0 | X52: 0 | Y52: 1 | Z52: 0 | AA52: 1 | AB52: On Wednesday, October 26, 2022 at 13:38, Haney, Ryan responded to a crash on State Rd 14 422 ft at intersection of S 975 E. At the time of the crash, the weather was Clear and the road surface was Dry.V1 was traveling west on SR 14 approaching 975 E when a deer entered the roadway. V1 was unable to avoid striking the deer. V1 sustained damage to the entire front end and surrounding panels. | AC52: https://intapps.indot.in.gov/ariesimages/90414/904143902-10004602984.jpg | AD52: N | AE52: N | AF52: Y | AG52: Y | AH52: Y | AI52: 2000 | AJ52: 3.8218058402378574 | AK52: SR 14 | AL52: <NA> | AM52: No | AN52: 40250 | AO52: 3.8218058428080894 | AP52: 99999 | AQ52: 0 | AR52: 315.58985813716697 | AS52: 93004367 | AT52: 99999 | AU52: 0 | AV52: 276.3959012062748 | AW52: SR 14 | AX52: S 975 E | AY52: SR 14 | S 975 E | AZ52: 99999 | BA52: 0
A53: 904167434 | B53: E STATE RD 14 | D53: No Injury | E53: N | F53: N | G53: FULTON | H53: $1001 TO $2500 | I53: Dark (Lighted or Unlighted) | J53: RURAL | K53: ROADWAY SURFACE CONDITION | L53: Same Direction Sideswipe | M53: STATE ROAD | N53: NO JUNCTION INVOLVED | O53: ASPHALT | P53: N | Q53: N | R53: On Snowy or Icy Pavement | S53: Snow or Sleet | T53: 44881.976 | U53: 41.055532 | V53: -86.158286 | W53: 0 | X53: 0 | Y53: 0 | Z53: 0 | AA53: 2 | AB53: On Wednesday, November 16, 2022 at 23:26, Miller, Abbi responded to a crash on E State Rd 14 at intersection of Oakhill Dr. At the time of the crash, the weather was Snow and the road surface was Ice.Vehicle 1, White Kia Sportage, Maintaining path of travel. Vehicle 2, White Gmc Sierra, Maintaining path of travel. V1 was traveling east on SR 14 when the vehicle hit ice and started to loose control. D1 was attempting to gain control of the vehicle. V2 was slowing down due to V1 loosing control of the vehicle. V1 sideswipped V2 on the passenger side of the vehicle. There was minor damage to both vehicles. | AC53: https://intapps.indot.in.gov/ariesimages/90416/904167434-10004652202.jpg | AD53: N | AE53: N | AF53: Y | AG53: Y | AH53: Y | AI53: 2000 | AJ53: 12.48387228705252 | AK53: SR 14 | AL53: <NA> | AM53: No | AN53: 40250 | AO53: 11.065409457246687 | AP53: 99999 | AQ53: 0 | AR53: 99999 | AS53: 0 | AT53: 224.35261880035137 | AU53: CLV-100712 | AV53: 99999 | AZ53: 99999 | BA53: 0
A54: 904167440 | B54: E STATE RD 14 | D54: No Injury | E54: N | F54: N | G54: FULTON | H54: $2501 TO $5000 | I54: Dark (Lighted or Unlighted) | J54: RURAL | K54: ANIMAL/OBJECT IN ROADWAY | L54: Collision with Animal (Including Deer) | M54: STATE ROAD | N54: NO JUNCTION INVOLVED | O54: ASPHALT | P54: N | Q54: N | R54: On Dry Pavement | S54: Clear | T54: 44894.771 | U54: 41.054375 | V54: -86.149717 | W54: 0 | X54: 0 | Y54: 1 | Z54: 0 | AA54: 1 | AB54: On Tuesday, November 29, 2022 at 18:30, Haney, Ryan responded to a crash on E State Rd 14 at intersection of S 500 E. At the time of the crash, the weather was Clear and the road surface was Dry.V1 was traveling west on SR 14 near the intersection of 500 E when a deer entered the roadway. V1 was unable to avoid the deer and struck it. V1 sustained damage to the front passenger side headlight, door, and surrounding panels. D1 continued to work after the accident, the diagram attached is what the driver described. | AC54: https://intapps.indot.in.gov/ariesimages/90416/904167440-10004652212.jpg | AD54: N | AE54: N | AF54: Y | AG54: Y | AH54: Y | AI54: 2000 | AJ54: 8.402083051923512 | AK54: SR 14 | AL54: <NA> | AM54: No | AN54: 40250 | AO54: 8.4020831 | AP54: 99999 | AQ54: 0 | AR54: 99999 | AS54: 0 | AT54: 318.8926359315008 | AU54: CLV-75032 | AV54: 9.120473948029511 | AW54: SR 14 | AX54: S 500 E | AY54: SR 14 | S 500 E | AZ54: 99999 | BA54: 0
A55: 904150285 | C55: 14 | D55: Refused | E55: N | F55: N | G55: FULTON | H55: $10001 TO $25000 | I55: Daylight | J55: RURAL | K55: FAILURE TO MAINTAIN LANE | L55: Ran Off Road | M55: STATE ROAD | N55: NO JUNCTION INVOLVED | O55: ASPHALT | P55: N | Q55: N | R55: On Dry Pavement | S55: Clear | T55: 44868.713 | U55: 41.038355 | V55: -86.071482 | W55: 1 | X55: 0 | Y55: 0 | Z55: 0 | AA55: 1 | AB55: On November 3, 2022, I resopnded to a single vehicle crash at the intersection of State Road 14 and County Road 925 East. When I arrived on scene, I observed Driver 1 outside of the vehicle with injuries to his face (mainly nose). Driver 1 refused an ambulance multiple times and stated he would go to the hospital on his own. Driver 1 stated he was driving West on State Road 14 when a eastbound red in color Ford Ranger was attempting to pass another eastbound vehicle. Driver 1 stated he went slightly off of the northside of the roadway to avoid striking the Ford Ranger head on. Driver 1 stated as he was going off of the roadway, he was unable to reenter the roadway as the hill/ditch "sucked him in". Driver 1 stated he has insurance however does not have it with him. Driver 1 left with a friend who transported him to Woodlawn Hospital in Rochester. I was later put in contact with the vehicle owner who advised Driver 1 did not have permission to drive the vehicle as it does not have any active insurance on it. The owner of the vehicle did not want to pursue any criminal charges at this time. After checking with dispatch, it was discovered that Driver 1 has had previous conviction(s) for insurance violations. I went to Woodlawn hospital and issued Driver 1 an Information and Summons for operating without financial responsibility with prior conviction. Vehicle 1 was originally to be towed by a local company per the owner's reqeust, however the tow company stated they would be unable to retreive the vehicle. Dispatch contacted the next available tow service which ended up being Hammel's Wrecker Service out of Rochester. Deputy Ryan UtterFulton County Sheriff's Office | AC55: https://intapps.indot.in.gov/ariesimages/90415/904150285-10004616597.jpg | AD55: Y | AE55: N | AF55: Y | AG55: Y | AH55: Y | AI55: 2000 | AJ55: 23.98887956995725 | AK55: SR 14 | AL55: <NA> | AM55: No | AN55: 40250 | AO55: 23.988879571943016 | AP55: 99999 | AQ55: 0 | AR55: 99999 | AS55: 0 | AT55: 96.57939646693791 | AU55: CLV-75045 | AV55: 24.146839596572637 | AW55: SR 14 | AX55: S 900 E | AY55: SR 14 | S 900 E | AZ55: 99999 | BA55: 0
A56: 904157284 | B56: 6379 E STATE RD 14 | D56: No Injury | E56: N | F56: N | G56: FULTON | H56: $1001 TO $2500 | I56: Daylight | J56: RURAL | K56: OVERSIZE/OVERWEIGHT LOAD | L56: Other | M56: STATE ROAD | N56: NO JUNCTION INVOLVED | O56: ASPHALT | P56: N | Q56: N | R56: On Dry Pavement | S56: Clear | T56: 44872.657 | U56: 41.054217 | V56: -86.123301 | W56: 0 | X56: 0 | Y56: 0 | Z56: 0 | AA56: 1 | AB56: On November 7, 2022, Deputy Matthew Craig and myself responded to a report of lines down across State Road 14 near the address of 6379 East State Road 14. As I was blocking the roadway at State Road 14 and County Road 700 East, a witness approched me and stated he observed a semi (Vehicle 1) hauling a combine on a flat bed come in contact with the utility line across the roadway. The witness was driving Eastbound and Vehicle 1 was driving Westbound. The witness stated Vehicle 1 did not stop. While I was enroute to this location I passed a New Holland semi hauling farm equipment. I had my dispatch contact New Holland of Rochester who was able to put me in contact with Driver 1. Driver 1 stated he did not know that he had struck anything. Driver 1 stated the height of the combine on the trailer was exactly 14 foot. Driver 1 believes if there was a line struck that the line was possibly not hung at the required height. Driver 1 also stated he does not believe there to be damage to Vehicle 1, the trailer, or the combine he was hauling. Driver 1 provided me with the required information for this report via pictures sent to my department cell phone. I am not taking any law enforcment action for this crash other than this crash report. Photographs of the scene taken by Deputy Craig, and the photos I received from Driver 1 will be stored on the Fulton County Sheriff's Office evidence managment sytem WolfCom. I would also like to note that the utility line belongs to the Frontier Company. Frontier was contact at 16:45 and stated someone would be on scene within the hour. At 18:25 I had dispatch call back to Frontier who stated they are unable to advise when someone would be responding. I then had dispatch contact Duke Energy to respond. Duke was able to hang the line back up. The Duke lineman advised me he is not sure how far off the roadway the line was previously, however he measured and it is over 15 foot off roadway when he hung it back up. Deputy Ryan UtterFulton County Sheriff's Office | AC56: https://intapps.indot.in.gov/ariesimages/90415/904157284-10004630973.jpg | AD56: N | AE56: N | AF56: Y | AG56: N | AH56: Y | AI56: 2000 | AJ56: 0.25941236651601685 | AK56: SR 14 | AL56: <NA> | AM56: No | AN56: 40250 | AO56: 0.2594123675496576 | AP56: 99999 | AQ56: 0 | AR56: 99999 | AS56: 0 | AT56: 99999 | AU56: 0 | AV56: 561.6349421063761 | AW56: SR 14 | AX56: 650 E | AY56: SR 14 | 650 E | AZ56: 99999 | BA56: 0
A57: 904188370 | B57: STATE RD 14 | D57: No Injury | E57: N | F57: N | G57: FULTON | H57: UNDER $1001 | I57: Dark (Lighted or Unlighted) | J57: RURAL | K57: IMPROPER PASSING | L57: Opposite Direction Sideswipe | M57: STATE ROAD | N57: NO JUNCTION INVOLVED | O57: ASPHALT | P57: N | Q57: N | R57: On Dry Pavement | S57: Clear | T57: 44915.851 | U57: 41.038323 | V57: -86.071496 | W57: 0 | X57: 0 | Y57: 0 | Z57: 0 | AA57: 2 | AB57: On Tuesday, December 20, 2022 Deputy Mitchell Scott responded to a crash on State Rd 14 at intersection of CR 925 E. At the time of the crash, the weather was Clear and the road surface was Dry.Vehicle 1 was traveling east on State Road 14 at CR 925 E. Driver 1 stated there was a passenger car traveling west on State Road 14 approaching CR 925 E. Driver 1 stated there was a dark in color passenger car traveling west following the vehicle in front closely. Driver 1 stated the second vehicle that was following too closely attempted to pass the vehicle and struck the mirror on vehicle 1 causing the mirror to fall off. Vehicle 1 sustained damage to the mirror only. No other damage to vehicle 1. Driver 1 was unsure of vehicle make, model, or exact color of suspect vehicle. We were unable to locate suspect vehicle. | AC57: https://intapps.indot.in.gov/ariesimages/90418/904188370-10004694009.jpg | AD57: N | AE57: N | AF57: Y | AG57: Y | AH57: Y | AI57: 2000 | AJ57: 11.724505 | AK57: SR 14 | AL57: <NA> | AM57: No | AN57: 40250 | AO57: 11.72454589540007 | AP57: 99999 | AQ57: 0 | AR57: 99999 | AS57: 0 | AT57: 98.47915175349456 | AU57: CLV-75045 | AV57: 11.74663701375718 | AW57: SR 14 | AX57: S 900 E | AY57: SR 14 | S 900 E | AZ57: 99999 | BA57: 0
A58: 904195376 | B58: 800 E | D58: No Injury | E58: N | F58: N | G58: FULTON | H58: $2501 TO $5000 | I58: Dark (Lighted or Unlighted) | J58: RURAL | K58: OTHER (DRIVER) - EXPLAIN IN NARRATIVE | L58: Ran Off Road | M58: PRIVATE DRIVE | N58: NO JUNCTION INVOLVED | O58: GRAVEL | P58: N | Q58: N | R58: On Dry Pavement | S58: Clear | T58: 44916.299 | U58: 41.047522 | V58: -86.095191 | W58: 0 | X58: 0 | Y58: 0 | Z58: 0 | AA58: 1 | AB58: On Wednesday, December 21, 2022 at 07:11, Miller, Abbi responded to a crash on 431 S 800 E . At the time of the crash, the weather was Clear and the road surface was Dry.Vehicle 1, Maroon\Burgundy (purple) Gmc Sierra, Maintaining path of travel. I was dispatched to 431 S 800 E for a report of a truck that struck a post. I arrived on scene and spoke to D1 who advised he was having transmission issues. D1 struck the metal post but did not cause damage to the post but the truck sustained front end damage. While speaking with D1 he admitted that he had been drinking that night. Standardized Field Sobreity Tests were conducted and D1 was taken into custody. | AC58: https://intapps.indot.in.gov/ariesimages/90419/904195376-10004699923.jpg | AD58: N | AE58: N | AF58: Y | AG58: N | AH58: N | AI58: 2000 | AJ58: 2.6304921813452893 | AK58: SR 14 | AL58: <NA> | AM58: No | AN58: 40250 | AO58: 3.4550332335172698 | AP58: 99999 | AQ58: 0 | AR58: 99999 | AS58: 0 | AT58: 99999 | AU58: 0 | AV58: 16.538190368251957 | AW58: SR 14 | AX58: S 775 E | AY58: SR 14 | S 775 E | AZ58: 99999 | BA58: 0
A59: 903980173 | B59: E STATE RD 14 | D59: No Injury | E59: N | F59: N | G59: FULTON | H59: $5001 TO $10000 | I59: Daylight | J59: RURAL | K59: SPEED TOO FAST FOR WEATHER CONDITIONS | L59: Ran Off Road | M59: STATE ROAD | N59: NO JUNCTION INVOLVED | O59: ASPHALT | P59: N | Q59: N | R59: On Snowy or Icy Pavement | S59: Snow or Sleet | T59: 44594.431 | U59: 41.054375 | V59: -86.144637 | W59: 0 | X59: 0 | Y59: 0 | Z59: 0 | AA59: 1 | AB59: On Wednesday, February 2, 2022 at 10:20, Wilburn, Scott responded to a crash on E State Rd 14. At the time of the crash, the weather was Snow and the road surface was Snow/Slush.Vehicle 1, Red Chevrolet Malibu, Going straight. DRIVER ADVISED SHE SLID ON THE ROADWAY AND WENT OFF THE ROAD STRIKING THE UTILITY POLE.STRIKING THE POLE CAUSED EXTENSIVE DAMAGE TO THE PASSENGER SIDE OF THE VEHICLE. DRIVER AND FATHER WHO ARRIVED CONTACTED ROADSIDE ASSISTANCE TO COME AND TOW THE VEHICLE. | AC59: https://intapps.indot.in.gov/ariesimages/90398/903980173-10004271439.jpg | AD59: N | AE59: N | AF59: Y | AG59: N | AH59: Y | AI59: 2000 | AJ59: 5.3484017 | AK59: SR 14 | AL59: <NA> | AM59: No | AN59: 40250 | AO59: 5.348401712831674 | AP59: 99999 | AQ59: 0 | AR59: 99999 | AS59: 0 | AT59: 99999 | AU59: 0 | AV59: 99999 | AZ59: 99999 | BA59: 0
A60: 904016240 | B60: STATE RD 14 & 700 E | D60: No Injury | E60: N | F60: N | G60: FULTON | H60: $5001 TO $10000 | I60: Dark (Lighted or Unlighted) | J60: RURAL | K60: ANIMAL/OBJECT IN ROADWAY | L60: Collision with Animal (Including Deer) | N60: NO JUNCTION INVOLVED | O60: ASPHALT | P60: N | Q60: N | R60: On Dry Pavement | S60: Clear | T60: 44653.53 | U60: 41.050372 | V60: -86.112287 | W60: 0 | X60: 0 | Y60: 1 | Z60: 0 | AA60: 1 | AB60: On Saturday, April 2, 2022 at 12:43, Salientes, Jeryl responded to a crash on State Rd 14 & 700 E. At the time of the crash, the weather was Clear and the road surface was Dry.Vehicle 1, Gray Nissan Altima, Going straight, westbound on SR 14. Deer was in roadway and vehicle 1 hit deer with the front side of the vehicle. | AC60: https://intapps.indot.in.gov/ariesimages/90401/904016240-10004344945.jpg | AD60: N | AE60: N | AF60: Y | AG60: Y | AH60: N | AI60: 2000 | AJ60: 0.9879833247621832 | AK60: SR 14 | AL60: <NA> | AM60: No | AN60: 40250 | AO60: 0.9879833256040911 | AP60: 99999 | AQ60: 0 | AR60: 99999 | AS60: 0 | AT60: 206.08165759776813 | AU60: CLV-100728 | AV60: 747.3437751168942 | AW60: SR 14 | AX60: N 675 E | AY60: SR 14 | N 675 E | AZ60: 99999 | BA60: 0
A61: 904030727 | B61: E STATE RD 14 | D61: No Injury | E61: N | F61: N | G61: FULTON | H61: $5001 TO $10000 | I61: Dark (Lighted or Unlighted) | J61: RURAL | K61: UNSAFE BACKING | L61: Backing Crash | M61: PRIVATE DRIVE | N61: NO JUNCTION INVOLVED | O61: GRAVEL | P61: N | Q61: N | R61: On Dry Pavement | S61: Clear | T61: 44674.854 | U61: 41.054264 | V61: -86.123984 | W61: 0 | X61: 0 | Y61: 0 | Z61: 0 | AA61: 2 | AB61: On Saturday, April 23, 2022 at 20:30, KROFT, CLARK responded to a crash on E State Rd 14 581 ft at intersection of S 650 E. At the time of the crash, the weather was Clear and the road surface was Dry.Vehicle 1, Black Chevrolet Equinox, Backing. Vehicle 2, Black Chevrolet Camaro, Parked (unattended). {Driver Statements} DRIVER 1 STATED SHE WAS BACKING VEHICLE 1 IN THE DRIVEWAY AND DIDNT SEE VEHICLE 2. RIGHT REAR OF VEHICLE 1 STRUCK DRIVERS SIDE OF VEHICLE 2. VEHICLE 2 WAS UNATTENDED. {Witness Statements} {Conclusion} | AC61: https://intapps.indot.in.gov/ariesimages/90403/904030727-10004373769.jpg | AD61: N | AE61: N | AF61: Y | AG61: N | AH61: N | AI61: 2000 | AJ61: 6.4280075493607285 | AK61: SR 14 | AL61: <NA> | AM61: No | AN61: 40250 | AO61: 2.4620042721803657 | AP61: 99999 | AQ61: 0 | AR61: 99999 | AS61: 0 | AT61: 99999 | AU61: 0 | AV61: 372.7962343238648 | AW61: SR 14 | AX61: 650 E | AY61: SR 14 | 650 E | AZ61: 99999 | BA61: 0
A62: 904024718 | B62: STATE RD 14 | D62: No Injury | E62: N | F62: N | G62: FULTON | H62: $5001 TO $10000 | I62: Daylight | J62: URBAN | K62: FAILURE TO YIELD RIGHT OF WAY | L62: Rear End | M62: STATE ROAD | N62: NO JUNCTION INVOLVED | O62: ASPHALT | P62: N | Q62: N | R62: On Dry Pavement | S62: Clear | T62: 44675.507 | U62: 41.039082 | V62: -86.035796 | W62: 0 | X62: 0 | Y62: 0 | Z62: 0 | AA62: 2 | AB62: On Sunday, April 24, 2022 at 12:10, shriver, don responded to a crash on State Rd 14. At the time of the crash, the weather was Clear and the road surface was Dry.Vehicle 1, Silver\Aluminum Bmw X5, Overtaking/Passing. Vehicle 2, Gray Chevrolet Equinox, Turning left. {Driver Statements} D-2 advised he was turning left into the driveway at 11088 E SR 14 and was struck by V-1 which was trying to pass V-2.D-1 advised he did not see the turn signal if it was on and attempted to pass not realizing that V-2 was beginning to turn left.{Witness Statements} {Conclusion} V-2 was turning left and D-1 did not realize it. D-1 began to pass V-2 and struck V-2. | AC62: https://intapps.indot.in.gov/ariesimages/90402/904024718-10004361488.jpg | AD62: N | AE62: N | AF62: Y | AG62: Y | AH62: Y | AI62: 2000 | AJ62: 7.070871861501018 | AK62: SR 14 | AL62: <NA> | AM62: No | AN62: 40250 | AO62: 7.0708719 | AP62: 99999 | AQ62: 0 | AR62: 99999 | AS62: 0 | AT62: 385.3195297291932 | AU62: CLV-75048 | AV62: 747.4413168132247 | AW62: SR 14 | AX62: N NOYER DR | AY62: SR 14 | N NOYER DR | AZ62: 99999 | BA62: 0
A63: 904051798 | B63: STATE RD 14 | D63: Non-incapacitating | E63: N | F63: N | G63: FULTON | H63: $5001 TO $10000 | I63: Dark (Lighted or Unlighted) | J63: RURAL | K63: ANIMAL/OBJECT IN ROADWAY | L63: Collision with Animal (Including Deer) | M63: STATE ROAD | N63: NO JUNCTION INVOLVED | O63: ASPHALT | P63: N | Q63: N | R63: On Dry Pavement | S63: Clear | T63: 44721.972 | U63: 41.049178 | V63: -86.110438 | W63: 1 | X63: 0 | Y63: 0 | Z63: 0 | AA63: 1 | AB63: V1 was traveling East bound on St Rd. 14 just past Cr 700 E. enroute to a medical emergency. D1 stated shortly after passing 700 E. a deer entered the roadway and he was unable to keep from striking the deer. V1 sustained damage to the front of the vehicle. D1 was transported to woodlawn hospital by Deputy Miller for complaint of head pain. | AC63: https://intapps.indot.in.gov/ariesimages/90405/904051798-10004416985.jpg | AD63: N | AE63: N | AF63: Y | AG63: Y | AH63: Y | AI63: 2000 | AJ63: 3.9369455 | AK63: SR 14 | AL63: <NA> | AM63: No | AN63: 40250 | AO63: 3.9369454779559874 | AP63: 99999 | AQ63: 0 | AR63: 99999 | AS63: 0 | AT63: 99999 | AU63: 0 | AV63: 99999 | AZ63: 99999 | BA63: 0
A64: 904098101 | B64: E STATE RD 14 | D64: No Injury | E64: N | F64: N | G64: FULTON | H64: $5001 TO $10000 | I64: Daylight | J64: RURAL | K64: FAILURE TO YIELD RIGHT OF WAY | L64: Left Turn, Right Turn or Angle | M64: STATE ROAD | N64: NO JUNCTION INVOLVED | O64: ASPHALT | P64: N | Q64: N | R64: On Dry Pavement | S64: Clear | T64: 44783.621 | U64: 41.054298 | V64: -86.124417 | W64: 0 | X64: 0 | Y64: 0 | Z64: 0 | AA64: 2 | AB64: On Wednesday, August 10, 2022 at 14:54, Miller, Abbi responded to a crash on E State Rd 14 at intersection of S 650 E. At the time of the crash, the weather was Clear and the road surface was Dry.Vehicle 1, Black Chevrolet Silverado, Maintaining path of travel. Vehicle 2, Black Chevrolet Traverse, Maintaining path of travel. V1 was traveling west on SR 14 and V2 was traveling east on SR 14. D1 was turning north into the parking lot of a business when he did not see V2 and hit the front end of V2. | AC64: https://intapps.indot.in.gov/ariesimages/90409/904098101-10004513954.jpg | AD64: N | AE64: N | AF64: N | AG64: Y | AH64: Y | AI64: 2000 | AJ64: 5.3632983 | AK64: SR 14 | AL64: <NA> | AM64: No | AN64: 40250 | AO64: 5.363298284964685 | AP64: 99999 | AQ64: 0 | AR64: 99999 | AS64: 0 | AT64: 99999 | AU64: 0 | AV64: 253.33464753664498 | AW64: SR 14 | AX64: 650 E | AY64: SR 14 | 650 E | AZ64: 99999 | BA64: 0
A65: 904090957 | B65: STATE RD 14 | D65: No Injury | E65: N | F65: N | G65: FULTON | H65: $5001 TO $10000 | I65: Daylight | J65: RURAL | K65: OVERCORRECTING/OVERSTEERING | L65: Ran Off Road | M65: STATE ROAD | N65: NO JUNCTION INVOLVED | O65: ASPHALT | P65: N | Q65: N | R65: On Wet Pavement | S65: Rain | T65: 44781.833 | U65: 41.038709 | V65: -86.059707 | W65: 0 | X65: 0 | Y65: 0 | Z65: 0 | AA65: 1 | AB65: V1 WAS TRAVELING WEST ON SR 14. THE DRIVER STATED SHE BEGAN TO HYDROPLAIN DUE TO RAIN WATER ON THE ROADWAY. SHE STATED THAT THE VEHICLE SPUN AROUND AND SHE RAN OFF THE ROADWAY. V1 WENT DOWN AN EMBANKMENT AND THEN THROUGH A FENCE. V1 WAS MOVED PRIOR TO MY ARRIVAL BUT I WAS TOLD THAT IT CAME TO REST ON THE SOUTH SIDE OF THE FENCE. IT WAS DRIVEN TO THE TOP OF A HILL BEFORE THEY CALLED FOR A POLICE REPORT. | AC65: https://intapps.indot.in.gov/ariesimages/90409/904090957-10004499487.jpg | AD65: N | AE65: N | AF65: Y | AG65: Y | AH65: Y | AI65: 2000 | AJ65: 10.312457 | AK65: SR 14 | AL65: <NA> | AM65: No | AN65: 40250 | AO65: 10.265041280633795 | AP65: 99999 | AQ65: 0 | AR65: 99999 | AS65: 0 | AT65: 99999 | AU65: 0 | AV65: 583.8809425471624 | AW65: SR 14 | AX65: S 975 E | AY65: SR 14 | S 975 E | AZ65: 99999 | BA65: 0
A66: 904118112 | B66: E STATE RD 14 | D66: Incapacitating | E66: N | F66: N | G66: FULTON | H66: $10001 TO $25000 | I66: Daylight | J66: RURAL | K66: FAILURE TO MAINTAIN LANE | L66: Ran Off Road | M66: STATE ROAD | N66: NO JUNCTION INVOLVED | O66: ASPHALT | P66: N | Q66: N | R66: On Dry Pavement | S66: Cloudy | T66: 44826.448 | U66: 41.054816 | V66: -86.156326 | W66: 1 | X66: 0 | Y66: 0 | Z66: 0 | AA66: 1 | AB66: V1 was westbound on state road 14 near Oakhill LN when V1 crossed the center line and went off the roadway on the south side of the road. V1 struck a horse trailer that was parked on the property. V1 ended up on it's roof after striking the horse trailer. Witness 1 stated that he looked in his rearview mirror and saw V1 swerving in the westbound lane before the vehicle crossed the center line and went off the roadway. W2 was eastbound when V1 crossed the center line just in front of W2. W2 stated that V1 was swerving in the westbound lane before crossing in front of him and the V1 struck the parked horse trailer. There was damage to the passenger side rear of the horse trailer where V1 struck it. | AC66: https://intapps.indot.in.gov/ariesimages/90411/904118112-10004560648.jpg | AD66: N | AE66: N | AF66: Y | AG66: Y | AH66: Y | AI66: 2000 | AJ66: 3.479681857637047 | AK66: SR 14 | AL66: <NA> | AM66: No | AN66: 40250 | AO66: 3.4796818574332065 | AP66: 99999 | AQ66: 0 | AR66: 99999 | AS66: 0 | AT66: 99999 | AU66: 0 | AV66: 99999 | AZ66: 99999 | BA66: 0
